Brief,"??????????????????????????? ???????????????????????????????? ??????????????? ???????????????????????????????????? (Shelf) ????????????????????????????????? 
?????????????????????????????????????????????????????????????????????????????
?????????????????????????????????? 10 ??? ????????????????????????????????????????????????????????",,,,,,,,,,,,,,,,,,,,,,,,,Brief,,,,,,,,,,,,,,,,,,,,,,,,,,,,,,,,,,,,,,,,,,,,,,,,,
Timestamp,???????????????????????????????????????????????????????,"?????????????????????????? ???? ???????????????????, ?????????????????? [????????????????????????]",???????????????????? [?????????????],????????????????????????????????????????????????[?????????????],??????????????????????????????????????????????????????????????? [??????????????????????],??????????????????????????????????????????????????????????????? [?????????????????????????????? ???? ???????????????????????],"??????????????????????????????????????????????????????????????? [???????????????????????????? ???? ??????????????????????????, ???????????????????]","??????????????????????????????????????????????????????????????? [?????????????????????????? ???? ???????, ???????]",??????????????????????????????????????????????????????????????? [??????????????????????????????],?????????? (packaging) ???????????????????????????????,???????????????????????? ??????????????,???????????????????????????????????????????????????????????????? [??????????????????????],???????????????????????????????????????????????????????????????? [??????????????????],???????????????????????????????????????????????????????????????? [???????????????????????? ?????????????????????????????],???????????????????????????????????????????????????????????????? [????????????????????????????????????????????],???????????????????????????????????????????????????????????????? [????????????????????????????????],???????????????????????????????????????????????????????????????? [???????????????????????????????????? ???? ???????????????x],???????????????????????????????????????????????????????????????? [???????????????????????????????????????? ???? ????????????],"???????????????????????????????????????????????????????????????? [???????????? ???? ????????????, ???????????? 1]",????????????????????????????????????????????????? ?????????????????????????????? ????????? [????????????????????????????],??????????????????????????????????????????????????????? ??????????????? [????????????????] ,Option 1 ??????????????????????????????????????????  [????????????????????],Option 1 ??????????????????????????????????????????  [??????????????????????????????????????],Option 1 ??????????????????????????????????????????  [??????????????????????? ????????],Option 1 ??????????????????????????????????????????  [???????????????????????????? ???????????],Option 1 ??????????????????????????????????????????  [????????????????????????????????????],Option 2 ??????????????????????????????????????????  [????????????????????],Option 2 ??????????????????????????????????????????  [??????????????????????????????????????],Option 2 ??????????????????????????????????????????  [??????????????????????? ????????],Option 2 ??????????????????????????????????????????  [???????????????????????????? ???????????],Option 2 ??????????????????????????????????????????  [????????????????????????????????????],Option 3 ??????????????????????????????????????????  [????????????????????],Option 3 ??????????????????????????????????????????  [??????????????????????????????????????],Option 3 ??????????????????????????????????????????  [??????????????????????? ????????],Option 3 ??????????????????????????????????????????  [???????????????????????????? ???????????],Option 3 ??????????????????????????????????????????  [????????????????????????????????????],Option 4 ??????????????????????????????????????????  [????????????????????],Option 4 ??????????????????????????????????????????  [??????????????????????????????????????],Option 4 ??????????????????????????????????????????  [??????????????????????? ????????],Option 4 ??????????????????????????????????????????  [???????????????????????????? ???????????],Option 4 ??????????????????????????????????????????  [????????????????????????????????????],Option 5 ??????????????????????????????????????????  [????????????????????],Option 5 ??????????????????????????????????????????  [??????????????????????????????????????],Option 5 ??????????????????????????????????????????  [??????????????????????? ????????],Option 5 ??????????????????????????????????????????  [???????????????????????????? ???????????],Option 5 ??????????????????????????????????????????  [????????????????????????????????????],Option 6 ??????????????????????????????????????????  [????????????????????],Option 6 ??????????????????????????????????????????  [??????????????????????????????????????],Option 6 ??????????????????????????????????????????  [??????????????????????? ????????],Option 6 ??????????????????????????????????????????  [???????????????????????????? ???????????],Option 6 ??????????????????????????????????????????  [????????????????????????????????????],Option 7 ??????????????????????????????????????????  [????????????????????],Option 7 ??????????????????????????????????????????  [??????????????????????????????????????],Option 7 ??????????????????????????????????????????  [??????????????????????? ????????],Option 7 ??????????????????????????????????????????  [???????????????????????????? ???????????],Option 7 ??????????????????????????????????????????  [????????????????????????????????????],Option 8 ?????????????????????????????????????????? [????????????????????],Option 8 ?????????????????????????????????????????? [??????????????????????????????????????],Option 8 ?????????????????????????????????????????? [??????????????????????? ????????],Option 8 ?????????????????????????????????????????? [???????????????????????????? ???????????],Option 8 ?????????????????????????????????????????? [????????????????????????????????????],Option 9 ?????????????????????????????????????????? [????????????????????],Option 9 ?????????????????????????????????????????? [??????????????????????????????????????],Option 9 ?????????????????????????????????????????? [??????????????????????? ????????],Option 9 ?????????????????????????????????????????? [???????????????????????????? ???????????],Option 9 ?????????????????????????????????????????? [????????????????????????????????????],Option 10 ?????????????????????????????????????????? [????????????????????],Option 10 ?????????????????????????????????????????? [??????????????????????????????????????],Option 10 ?????????????????????????????????????????? [??????????????????????? ????????],Option 10 ?????????????????????????????????????????? [???????????????????????????? ???????????],Option 10 ?????????????????????????????????????????? [????????????????????????????????????],?????????????????? ???????????????????????????????????????????????????????? 3 ?????????,??????????,?????????,???????????
6/26/2024 14:12:09,??????,,,,,,,,,,,,,,,,,,,,,,,,,,,,,,,,,,,,,,,,,,,,,,,,,,,,,,,,,,,,,,,,,,,,,,,,,,
6/26/2024 14:15:25,???,?????? ???,??,??????????,???,???????,???,???????,???????,????,????????????? ????????,???????,???????,???,???,???,???????,???,???,King cat,,????,????????,????,????,????,????,????????,????,????????,????????,????????,????????,????,????????,????,????,????,????,????,????,????,????,????,????,????,????????,????????,????,????,????,????,????,????,????,????,????,????????,????,????,????,????,????,????,????,????,???????????,????,????,???????????,????,"Option 3, Option 6, Option 8",30-39??,???,?????????????????????
6/26/2024 14:17:59,???,???,?????????,Katival ??????? ??? pramy ????????,?????????,???,?????????,???,?????????,???????,????????????? ????????,???,????,?????????,?????????,?????????,?????????,?????????,?????????,Pray,None ,????,??????????????,???????????,???????????,???????????,????,??????????????,???????????,???????????,???????????,????????,??????????????,????,????,????,????????,??????????????,???????????,???????????,????,???????????,??????????????,???????????,???????????,???????????,????,??????????????,???????????,???????????,????,????,????????,???????????,???????????,???????????,????,??????????????,???????????,???????????,???????????,???????????,??????????????,???????????,???????????,???????????,????,????,????,????,????,"Option 3, Option 4, Option 10",20-29??,????,???????????
6/26/2024 14:18:00,???,??????????????,??? British Shorthair + Scottish fold,King cat,????,????,???,????,???,????,????????????? ????????,???,????,???,????,???,???,?????????,?????????,King cat ???????? ??????????,???????????????????????????????????,??????????????,??????????????,????,????,??????????????,??????????????,??????????????,??????????????,??????????????,??????????????,????,????,????,????,????,????,????,????,????,????,????,????,????,????,????,??????????????,??????????????,??????????????,??????????????,??????????????,??????????????,??????????????,??????????????,??????????????,??????????????,??????????????,??????????????,??????????????,??????????????,??????????????,??????????????,??????????????,??????????????,??????????????,??????????????,??????????????,??????????????,??????????????,??????????????,??????????????,"Option 2, Option 9, Option 10",20-29??,????,??? ????????
6/26/2024 14:30:57,???,????????????????,????????? (?????),Projen,?????????,???,???????,?????????,?????????,????,????????????? ????????,???????,????,?????????,?????????,?????????,???,?????????,?????????,Projen ????????????????????????????????????????? (???????? %),???????????????? ???????????????????????????????????,????,????,??????????????,??????????????,??????????????,????,???????????,??????????????,??????????????,??????????????,????,????,????,????????,??????????????,????,????,??????????????,????????,??????????????,????,????,????,????????,??????????????,????,????,????,????,???????????,????,????????,????,????????,??????????????,????????,????????,????,????????,???????????,????,????,????,????,????,????,????,????,????,????,"Option 7, Option 8, Option 10",20-29??,???,?????????????????????
6/26/2024 14:31:39,???,?????????????,British Shorthair ??? Munchkin,"Cheershare, Projen",?????????,????,?????????,????,?????????,???????,????????????? ????????,???????,?????????,?????????,?????????,??????????,???????,?????????,?????????,You-O ?????????????? ???????? ????????,????????? ?????? Benefit ????????????? ????,??????????????,??????????????,??????????????,??????????????,??????????????,??????????????,??????????????,??????????????,??????????????,??????????????,????????,????????,??????????????,????,????????,????,??????????????,????,????,????,??????????????,??????????????,??????????????,??????????????,??????????????,???????????,???????????,???????????,???????????,???????????,??????????????,??????????????,??????????????,??????????????,??????????????,??????????????,??????????????,??????????????,??????????????,??????????????,??????????????,??????????????,??????????????,??????????????,??????????????,??????????????,??????????????,??????????????,??????????????,??????????????,"Option 3, Option 4, Option 6",20-29??,???,?????????????????????
6/26/2024 14:34:09,???,???,"British shorthair , ragdoll",King cat,???,????,?????????,????,?????????,????,????????????? ????????,?????????,????,???????,???,????,???????,???,???,King cat,,????,????????,???????????,????,????????,???????????,????????,???????????,????,????,??????????????,??????????????,??????????????,??????????????,??????????????,????,????,????,????,????,????,????,????,????,????,???????????,???????????,???????????,???????????,???????????,????????,????????,????????,????????,????????,????,????,????,????,????,????,????,????,????,????,????,????,????,????,????,"Option 3, Option 6, Option 7",20-29??,????,???????????
6/26/2024 14:34:33,???,??????? ?????? ?????,??????,???????????,???????,????,???,??????????,???,????,????????????? ????????,???????,?????????,?????????,?????????,????,???,?????????,???,?????? ?????????? ??????????? / MEO ???????? ?????????????????,???? ????? ??????? ??????? ???????? ??? ?????????????????????????????????????????????????????? ??????????????? ???????,??????????????,??????????????,??????????????,??????????????,??????????????,??????????????,??????????????,??????????????,??????????????,??????????????,???????????,????????,??????????????,??????????????,???????????,????,????????,???????????,????,????,??????????????,??????????????,??????????????,??????????????,??????????????,??????????????,????????,??????????????,??????????????,??????????????,??????????????,??????????????,??????????????,??????????????,??????????????,????,????,???????????,??????????????,????,??????????????,??????????????,??????????????,??????????????,??????????????,??????????????,??????????????,??????????????,??????????????,??????????????,"Option 3, Option 4, Option 8",20-29??,????,??? ????????
6/26/2024 16:18:59,???,Family member,"Thai, Persian, American Short Hair, Exotic Short Hair","King cat, Wills, S-mellow",?????????,??????????,???????,??????????,???????,???????,????????????? ????????,??????????,??????????,?????????,??????????,?????????,?????????,?????????,?????????,?????????? ??????????????????,?????,??????????????,??????????????,??????????????,??????????????,??????????????,??????????????,??????????????,??????????????,??????????????,??????????????,??????????????,??????????????,??????????????,??????????????,??????????????,??????????????,??????????????,??????????????,??????????????,??????????????,??????????????,??????????????,??????????????,??????????????,??????????????,??????????????,??????????????,??????????????,??????????????,??????????????,??????????????,????,??????????????,??????????????,??????????????,??????????????,????,??????????????,??????????????,??????????????,??????????????,????,??????????????,??????????????,??????????????,??????????????,??????????????,??????????????,??????????????,??????????????,"Option 2, Option 3, Option 6",30-39??,????,?????????????????????
6/26/2024 16:19:19,???,???????,??????,You-o,???????,???????,???,???????,???,????,????????????? ????????,???,???,???,???,???????,???,???,???????,You-o ??????????? ???????????????????????,Zip lock ???? ???????????????,????,????,????,???????????,????,????????,????????,????????,????,????,????????,????????,????????,????,????????,????,????,????,????,????,????,????,????,????,????,????????,????????,????????,????,????,????????,????????,????????,????,????,????????,????????,????,????,????,???????????,????,????,????,????,????,????,????,????,????,"Option 2, Option 3, Option 6",30-39??,???,?????????????????????
6/26/2024 16:24:30,??????,,,,,,,,,,,,,,,,,,,,,,,,,,,,,,,,,,,,,,,,,,,,,,,,,,,,,,,,,,,,,,,,,,,,,,,,,,
6/26/2024 16:27:18,???,??????????????????????????????  ?????????????? ??????????????????????,??????,You-O,???????,???,?????????,???,?????????,???????,????????????? ????????,???,?????????,?????????,???????,???????,???????,?????????,???,You-O,??????,????,????,????????,????,????,????????,??????????????,????????,????,????????,????????,??????????????,????????,????,??????????????,????,??????????????,????,????,????,????????,??????????????,????????,????,????????,????,??????????????,????,????,???????????,????????,??????????????,??????????????,????,????????,????,??????????????,????,????,???????????,????????,??????????????,????,????,????,???????????,??????????????,???????????,????,??????????????,"Option 2, Option 3, Option 7",20-29??,???,??? ????????
6/26/2024 16:51:53,???,????????????????????,?????????,Purino,?????????,???,?????????,???,?????????,????,????????????? ????????,?????????,???????,?????????,?????????,?????????,?????????,?????????,???,King cat ???????????????????????????????????? ??????????????????????????????????????????????????????? ??? kitten,???????????? ?????????????????????????????????????????????????,????????,????????,????,????,????,????,???????????,????,???????????,???????????,????????,????,????,????????,????,???????????,????,???????????,???????????,???????????,????,???????????,???????????,???????????,???????????,????,????,????,???????????,???????????,????,????,????,???????????,???????????,???????????,???????????,???????????,???????????,???????????,???????????,???????????,???????????,???????????,???????????,???????????,???????????,???????????,???????????,???????????,"Option 1, Option 3, Option 6",20-29??,????,??? ????????
6/26/2024 17:07:22,???,??????????????,Shorthair,King cat,???????,???????,???,???????,???????,????,????????????? ????????,???????,???????,???????,???????,???,???,?????????,????,Wiskus,Ziplock,???????????,????????,????????,????,???????????,????????,??????????????,????????,????,???????????,???????????,????????,???????????,???????????,???????????,???????????,????,????,????,???????????,???????????,???????????,????,????,???????????,????????,????????,????,????,????,????????,????,????????,????,????,????????,????????,????????,????,???????????,????????,????????,????,???????????,???????????,????????,????????,????,???????????,???????????,"Option 1, Option 7, Option 9",50?? ??????,???,???????????
6/26/2024 17:20:27,???,????????????????,?????? / ???????????????? ,????????? / ????????,???,????,?????????,??????????,????,????,????????????? ????????,??????????,?????????,?????????,?????????,???,???????,?????????,???????,?????????,???,????,??????????????,???????????,????????,??????????????,????,??????????????,????,???????????,???????????,????????,??????????????,????,????,??????????????,????????,??????????????,????,????,????????,????????,??????????????,????,????,??????????????,??????????????,??????????????,????????,????,??????????????,??????????????,??????????????,????,????,??????????????,????????,??????????????,????,????,????????,????????,????,????,???????????,??????????????,??????????????,????,????,????????,??????????????,"Option 6, Option 7, Option 8",40-49??,????,???????????
6/26/2024 17:35:25,???,???????,????????,??????,?????????,?????????,???,?????????,?????????,????,????????????? ????????,?????????,?????????,?????????,?????????,?????????,?????????,?????????,?????????,????,????????????,????????,????????,??????????????,????????,????????,??????????????,??????????????,??????????????,??????????????,??????????????,??????????????,??????????????,??????????????,??????????????,??????????????,??????????????,??????????????,??????????????,??????????????,??????????????,????,??????????????,????,????????,???????????,??????????????,??????????????,??????????????,??????????????,??????????????,??????????????,??????????????,??????????????,??????????????,??????????????,??????????????,??????????????,??????????????,??????????????,??????????????,??????????????,??????????????,??????????????,??????????????,??????????????,???????????,???????????,???????????,???????????,???????????,"Option 2, Option 7, Option 9",20-29??,????,??? ????????
6/26/2024 17:42:01,???,?????????,?????? ????? ?????+?????? ??????,?????????,?????????,???????,?????????,???,???,????,????????????? ????????,???,???????,???,???????,?????????,?????????,?????????,???,??????,???????????????????????,????,????,???????????,??????????????,??????????????,????,????,????,????,????,????????,????,????????,??????????????,??????????????,????????,????????,????,????,????,????,????,????,????,????,????????,????????,??????????????,????????,??????????????,??????????????,??????????????,??????????????,????????,????????,????,????,????,????????,????,????,????,????,????,????,????????,????????,??????????????,??????????????,????????,"Option 3, Option 6, Option 10",30-39??,????,?????????????????????
6/26/2024 17:59:21,??????,,,,,,,,,,,,,,,,,,,,,,,,,,,,,,,,,,,,,,,,,,,,,,,,,,,,,,,,,,,,,,,,,,,,,,,,,,
6/26/2024 18:23:30,???,????????????????????????????,scottish fold,Purino Neo,?????????,???,?????????,???????,?????????,????,?????????? ????????????? (AI),?????????,?????????,???????,?????????,???????,?????????,?????????,???,Purino Neo ??????????????????? ??????????????????? ??????????????????????????????,-,????????,??????????????,????????,????????,????????,??????????????,??????????????,????????,????????,????????,????????,????????,????????,????????,????????,????,??????????????,????????,????????,????,????????,????????,????????,????,????,????,????,????,????,????,????????,????????,????????,????????,????????,????????,????,????,????,????,????????,????,????,????,????,????,????????,????,????,????????,"Option 1, Option 2, Option 5",30-39??,???,??? ????????
6/26/2024 18:27:38,???,???????,????????????????,??????,?????????,?????????,?????????,?????????,???,????,?????????? ????????????? (AI),?????????,?????????,?????????,?????????,?????????,?????????,?????????,?????????,?????? ?????????????????,,????,????,????,????,????,??????????????,??????????????,??????????????,??????????????,??????????????,??????????????,??????????????,??????????????,??????????????,??????????????,????????,????????,????????,????????,????????,????,????,????,????,????,????,????,????,????,????,????,????,????,????,????,???????????,???????????,???????????,???????????,???????????,????,????,????,????,????,???????????,???????????,???????????,???????????,???????????,"Option 1, Option 2, Option 3",30-39??,????,?????????????????????
6/26/2024 18:27:58,??????,,,,,,,,,,,,,,,,,,,,,,,,,,,,,,,,,,,,,,,,,,,,,,,,,,,,,,,,,,,,,,,,,,,,,,,,,,
6/26/2024 18:29:25,???,??????????????,???,Allwell,???,????,?????????,???????,???,????,????????????? ????????,???,???????,???????,???????,???????,???????,???,???????,Buzz ???? ?????,???????????,????????,????????,????,????????,????,????,????????,????,????,????,??????????????,??????????????,??????????????,????????,??????????????,??????????????,??????????????,????????,????????,????????,????????,????????,????,????????,????,????????,??????????????,????????,????,????,????????,????????,????????,????????,????????,????????,??????????????,??????????????,????????,????????,????,????????,????,????,????,????,????????,????????,????,????,"Option 2, Option 6, Option 7",50?? ??????,???,???????????
6/26/2024 18:32:59,???,??????????????,??????????????,King Cat,???????,???????,?????????,???????,???,???????,?????????? ????????????? (AI),???????,???????,???????,???????,???????,???????,???????,???,King Cat ???????????????????????? ,,????????,????????,????,???????????,???????????,????????,????????,????,????,???????????,????????,????,????,????,????,????,????,????,????,????,???????????,???????????,???????????,???????????,???????????,???????????,???????????,???????????,???????????,???????????,????????,????????,????????,????????,????????,????????,????????,????,????????,????????,???????????,???????????,???????????,???????????,???????????,????,????????,????,????,???????????,"Option 2, Option 3, Option 7",30-39??,????,??? ????????
6/26/2024 18:34:02,???,??? ???????????????,Exotic short hair,King cot,?????????,???????,?????????,???,?????????,????,????????????? ????????,???,???,???????,???,???????,???,?????????,?????????,????????,???????,????,??????????????,????????,????,????????,????,????????,????????,????,????,??????????????,??????????????,??????????????,????,????????,??????????????,??????????????,??????????????,??????????????,????????,????,????????,????,????????,????,??????????????,??????????????,????????,??????????????,????????,??????????????,??????????????,????????,??????????????,??????????????,????????,??????????????,????????,????????,????????,????,????????,????????,????????,????,????????,??????????????,????????,??????????????,????????,"Option 6, Option 7, Option 10",30-39??,???,???????????
6/26/2024 18:36:41,???,???????????????????? ?????? ????????????,British shorthair  NY25,Kingcat ??? Solid gold,???,???????,?????????,???????,???,????,????????????? ????????,???,???????,???,?????????,???????,????,???,???,Kingcat ???????? Theme ??????????????? ??????????????? ??? ????????????????????????,??????????,????,????????,???????????,????,???????????,????????,????????,????,????,????,????????,????????,????,????????,????,????,????????,????,????,????,????,????????,????????,????,????,????,????????,????,????,????,????,????????,????,????,????,????????,????????,????????,????,????????,????,????,????,????,????,????????,????????,????????,????????,????????,"Option 3, Option 8, Option 10",30-39??,????,???????????
6/26/2024 18:40:21,???,?????????????????,???,Purino neo,???,???,?????????,???,???,????,?????????? ????????????? (AI),???,???,???,???,???,???,???,???,Purino neo,??????????,????????,????????,????????,????????,????????,??????????????,??????????????,??????????????,??????????????,??????????????,????????,????????,????????,????????,????????,??????????????,??????????????,??????????????,??????????????,??????????????,????????,????????,????????,????????,????????,??????????????,??????????????,??????????????,??????????????,??????????????,????????,????????,????????,????????,????????,????????,????????,????????,????????,????????,??????????????,??????????????,??????????????,??????????????,??????????????,????????,????????,????????,????????,????????,"Option 1, Option 2, Option 3",30-39??,????,????????/????????
6/26/2024 18:42:06,???,???????????????????,????????? ???????????????,Friskies ?????????????,?????????,???,???,???,???,????,?????????? ????????????? (AI),???,???,?????????,?????????,?????????,?????????,?????????,???,Friskies ,??????????????????????,????????,??????????????,????????,????????,????,????,????,???????????,????,????,??????????????,??????????????,??????????????,??????????????,??????????????,????????,????,????,????,????,????,????,????,????,????,????????,????????,??????????????,????????,????????,????,????,????,????,????,????,????,????,????,????,????,????,????,????,????,????????,????????,??????????????,????????,????????,"Option 1, Option 3, Option 6",30-39??,????,???????????
6/26/2024 18:43:58,???,????????????????,?????????,Purino neo / Cativa,???,?????????,?????????,???????,?????????,???????,?????????? ????????????? (AI),???,???????,?????????,?????????,???????,?????????,?????????,???,purino neo ,??????????????????????????????????????????,????,??????????????,????,???????????,????,??????????????,??????????????,??????????????,????????,??????????????,??????????????,??????????????,??????????????,??????????????,????,???????????,???????????,???????????,???????????,???????????,???????????,???????????,???????????,???????????,???????????,????,????????,????,????????,????,????,????,????,????,????,????,????,????,????,????,??????????????,??????????????,??????????????,??????????????,??????????????,??????????????,??????????????,??????????????,??????????????,??????????????,"Option 2, Option 3, Option 6",30-39??,???,???????????
6/26/2024 18:49:21,???,?????????????,???????,????,???,????,?????????,????,???????,????,????????????? ????????,???,???,???,???,?????????,???????,???,???,felipro ???????? ???????????????,??????? ???????????????? ,????,????????,????,????,????,????????,????????,????,????????,????????,????????,????????,????,????,????????,????,????,????,????,????,????,????,????,????,????,????,????,????,????,????,????,????????,????????,????,????,????,????????,????,????,????,????????,????????,????????,????????,????????,????,????,????,????,????,"Option 2, Option 3, Option 9",40-49??,????,?????????????????????
6/26/2024 18:50:54,???,???,???????,Purino neo,???,???????,???,???????,???,????,?????????? ????????????? (AI),???,???????,?????????,???,???,???,???,???????,??????????????????????????????? ????????????????????????,?????,????,????,???????????,????,???????????,????,????????,????,????,????,????,????????,????????,????,????,????,????????,????,????,????,????,????????,????????,????,????,????,????????,????????,????????,????,????,????,???????????,????,????,????????,????????,????,????????,????,???????????,????,???????????,????,????,???????????,????,???????????,????,????,"Option 3, Option 5, Option 8",20-29??,???,?????????????????????
6/26/2024 18:51:23,???,???,?????????,King cat,???,????,???,????,???,????,?????????? ????????????? (AI),?????????,???,???,?????????,???????,???????,???????,???,Kativa,,????????,??????????????,????,????,????????,????????,??????????????,????,????????,????,????????,????????,????,????,????,????,????????,????,????,????,????,????????,????,????,????,????????,????????,????,????,????,????????,????????,????????,????????,????????,????????,????????,????,????,????,????????,??????????????,????????,????????,????????,????,????,????,????,????,"Option 1, Option 2, Option 9",30-39??,???,???????????
6/26/2024 18:55:46,???,????????,Short hair,King cat,???,????,?????????,????,?????????,????,????????????? ????????,?????????,???????,???,???????,???,???????,???????,???????,King cat ??????? premium ?????????????? ???????????,??????????????? ????????????????????,????,????,????,???????????,???????????,????,????,???????????,???????????,???????????,????,????????,????,????,????,????,????????,????,????,????,???????????,????????,????,???????????,???????????,???????????,???????????,???????????,???????????,???????????,????????,????????,????????,????,????????,????,????????,????,????,????,???????????,???????????,???????????,???????????,???????????,???????????,??????????????,????,????,????,"Option 3, Option 7, Option 10",30-39??,????,???????????
6/26/2024 18:57:56,??????,,,,,,,,,,,,,,,,,,,,,,,,,,,,,,,,,,,,,,,,,,,,,,,,,,,,,,,,,,,,,,,,,,,,,,,,,,
6/26/2024 18:59:12,???,?????????????,"????????,???????","??????, ???????",???????,???????,???,????,?????????,????,????????????? ????????,?????????,?????????,???,???????,????,????,???,???,Buzz ???????? ??????????? ?????????????,????????,????????,????????,????????,????,????,??????????????,??????????????,????,??????????????,??????????????,??????????????,??????????????,??????????????,??????????????,??????????????,??????????????,??????????????,??????????????,??????????????,??????????????,??????????????,??????????????,??????????????,??????????????,??????????????,????,????,????,????????,????,????????,????????,??????????????,????,??????????????,????????,????????,????????,????????,????????,??????????????,????,????,????,????????,???????????,????,????,????,????,"Option 3, Option 4, Option 5",20-29??,????,??? ????????
6/26/2024 19:00:48,???,????????????????,"?????????????????, ??????, ??????, ?????",???????,?????????,?????????,?????????,?????????,?????????,????,????????????? ????????,?????????,?????????,?????????,?????????,?????????,?????????,?????????,?????????,??????? ????????? ?????????,?????,????????,????????,????????,????????,????????,????,????,????,????,????,??????????????,??????????????,??????????????,??????????????,??????????????,????????,????????,????????,????????,????????,????????,????????,????????,????????,????????,????,????,????,????,????,????,????,????,????,????,????????,????????,????????,????????,????????,????,????,????,????,????,????,????,????,????,????,"Option 1, Option 3, Option 4",30-39??,????,?????????????????????
6/26/2024 19:03:00,???,??????,???????? ?????,Teste of the wild,?????????,?????????,?????????,?????????,???,???????,????????????? ????????,????,????,?????????,?????????,????,???????,?????????,?????????,?????? ?????????????????????? ???????????????? ?????????????? ?????? ????????????????????????????????????????????,????????????????? ???????? ????? ???? ???????????????????????????,????,??????????????,???????????,???????????,???????????,????,????,???????????,???????????,???????????,??????????????,??????????????,????,????,??????????????,??????????????,??????????????,????,????,????????,???????????,????,???????????,???????????,???????????,????,??????????????,????????,????,????,???????????,????,????,????,????,????????,??????????????,????,????????,????????,????,????,????,????????,???????????,???????????,???????????,???????????,???????????,???????????,"Option 3, Option 4, Option 8",20-29??,???,?????????????????????
6/26/2024 19:06:42,???,Best friend ,Scottish ,King catt,?????????,???,???,???,???,???????,????????????? ????????,?????????,?????????,?????????,?????????,?????????,???,???,?????????,Whiskas,-,????????,????????,????,???????????,???????????,????,??????????????,????,???????????,????,????????,??????????????,??????????????,????????,????????,???????????,??????????????,???????????,???????????,???????????,???????????,??????????????,???????????,???????????,???????????,??????????????,??????????????,??????????????,??????????????,??????????????,????,??????????????,????,????,????,????????,??????????????,????????,????????,????????,????,????,????,????,????,???????????,???????????,???????????,???????????,???????????,"Option 5, Option 6, Option 7",30-39??,???,?????????????????????
6/26/2024 19:10:45,???,??????????????????????,?????,??????????,???????,???,????,????,???????,????,?????????? ????????????? (AI),???????,???????,???????,???????,???????,???????,????,???????,??????,,???????????,????,???????????,???????????,????,????,????,????,????,????,????????,????????,????,????,????????,????,????,???????????,????????,????????,????????,????????,????,???????????,????,???????????,????,????,????????,????,????,????,????????,????????,???????????,???????????,????????,????????,????????,????,???????????,???????????,????,????????,????????,????????,????????,????,????,????????,"Option 2, Option 3, Option 6",20-29??,???,??? ????????
6/26/2024 19:29:21,???,?????????? ????????????????????????????????,????????? (?????),"Purino, Betagro, Perfecta",?????????,???????,???,??????????,???,????,????????????? ????????,?????????,???,?????????,???????,?????????,???????,?????????,???,"Canagan, Neez+, Lifemate ??????????????????????????????????????????? ??????????? ?????? minimal ????? premium",????????????????????????????????? ?????????????????????????????????,????,????,???????????,???????????,???????????,????,????,????,???????????,???????????,????????,????????,????,????,????????,????,????????,???????????,????,???????????,????,????????,????????,????????,???????????,????????,????????,????,????????,????????,????,????????,????????,????????,???????????,????,????????,????,????,???????????,????,????,???????????,????,???????????,??????????????,??????????????,????,????????,????????,"Option 3, Option 6, Option 10",20-29??,????,??? ????????
6/26/2024 19:30:22,???,?????????????????????????????,???????? ??????????????,?????? ??????,???????,???????,???,????,???????,???????,????????????? ????????,???????,???????,???????,???????,???????,???????,???????,???????,??????,?????,????,????????,????,????????,????????,????????,??????????????,????????,????????,????????,????,????????,????????,????????,????,???????????,????????,???????????,???????????,???????????,???????????,????????,???????????,???????????,???????????,???????????,????????,????,???????????,???????????,???????????,????,????????,????,???????????,????,????,????,????,???????????,????,????,????,????,???????????,???????????,???????????,???????????,???????????,???????????,"Option 1, Option 2, Option 3",20-29??,????,?????????????????????
6/26/2024 19:32:07,???,????????????????????????????????? ?????????????????????????????????? ???????? ???????????????????????????????????????????? ,?????????,Buzz,???,???,???,???????,?????????,????,????????????? ????????,?????????,???,???,???,???????,????,?????????,???,Buzz ????????????????????????????,??????????????????,????,????????,???????????,????,???????????,????,????????,????,????,????,????????,????????,????,????,????????,????????,????????,????,????,????,????,????,????,????,????,????,???????????,????????,????????,????,??????????????,??????????????,????????,????????,??????????????,??????????????,??????????????,????????,????????,????????,????,????,????,????,????,???????????,???????????,???????????,???????????,???????????,"Option 6, Option 7, Option 8",20-29??,????,??? ????????
6/26/2024 19:32:41,???,????????????????,?????????,??????,???,???,???,???????,???,????,????????????? ????????,???,???,???,???,???,???????,?????????,?????????,?????? ???????????????????????? ????????????????????????????????????????????????????????????????,,???????????,???????????,???????????,???????????,???????????,???????????,???????????,???????????,???????????,???????????,????????,????????,????,????,????????,????,????,????,????,????,????,????,????,????,????,??????????????,??????????????,????,????,????????,????????,????????,????,????,????????,????????,??????????????,????,????,????????,???????????,???????????,???????????,???????????,???????????,???????????,????????,???????????,???????????,???????????,"Option 6, Option 7, Option 8",30-39??,????,??? ????????
6/26/2024 19:33:19,???,???????????????? ?????????,?????????????????????????????,King Cat,???,???,???,???,?????????,????,????????????? ????????,???,???????,???,???,???????,???,?????????,?????????,King Cat,,???????????,???????????,???????????,???????????,???????????,????,????,????,????,????,??????????????,??????????????,??????????????,????????,??????????????,??????????????,??????????????,????????,????????,??????????????,????,????,????,????,????,???????????,???????????,???????????,???????????,???????????,???????????,???????????,???????????,???????????,???????????,???????????,???????????,???????????,???????????,???????????,???????????,???????????,???????????,???????????,???????????,???????????,???????????,???????????,???????????,???????????,"Option 3, Option 4, Option 5",30-39??,????,?????????????????????
6/26/2024 19:37:21,???,??????? ????????????????? ???????????? ?????????????????????? ??????,Scottish Fold,Kativa,???,?????????,???????,?????????,?????????,????,????????????? ????????,?????????,?????????,?????????,?????????,???????,?????????,?????????,?????????,Taste of the Wild,"???????????? ?????? , ???????????????? ",????,??????????????,???????????,??????????????,??????????????,????????,??????????????,??????????????,????,???????????,??????????????,??????????????,????????,????,??????????????,????????,??????????????,????,??????????????,????????,??????????????,??????????????,??????????????,??????????????,??????????????,??????????????,??????????????,????,????????,????????,????,??????????????,??????????????,??????????????,????????,????,??????????????,???????????,???????????,????,??????????????,???????????,???????????,????,??????????????,??????????????,??????????????,??????????????,??????????????,??????????????,"Option 3, Option 5, Option 6",20-29??,???,?????????????????????
6/26/2024 19:42:27,???,???????????????????,?????????,????????,???,???????,?????????,????,???????,????,?????????? ????????????? (AI),???,???,?????????,???,???,???,???,???????,???? ?????????????? ??????????? ??????,????????????????? ?????? ??? ????????????????????????????????,????,????,????,????,???????????,???????????,???????????,???????????,???????????,???????????,????????,????????,????????,????????,????????,????,????,????,????,????,???????????,???????????,???????????,???????????,???????????,???????????,???????????,???????????,???????????,???????????,???????????,???????????,???????????,???????????,???????????,???????????,???????????,???????????,???????????,???????????,???????????,???????????,???????????,???????????,???????????,???????????,???????????,???????????,???????????,???????????,"Option 1, Option 3, Option 8",50?? ??????,????,??? ????????
6/26/2024 19:44:22,???,??????,?????????,Whiskas,???,????,?????????,????,???????,???????,????????????? ????????,????,???,???,???,????,????,?????????,???,?????????? Vif ????????????????? ????????????,????????????1,????,????????,???????????,????,????,????????,????????,????,???????????,????,??????????????,????,????,????????,????????,???????????,???????????,????,???????????,???????????,???????????,????,????,???????????,???????????,????????,????????,????,????,????,????,????????,????,????,????,????,????????,????,????,????,????,????,????,????,????,????,????,????,????,????,"Option 3, Option 6, Option 7",30-39??,????,???????????
6/26/2024 19:44:42,???,?????????,???????? ??????,King cat,???????,???????,???,????,?????????,????,?????????? ????????????? (AI),???,???,???,???????,???????,???,???????,???,King cat,??????????????????????,??????????????,??????????????,??????????????,??????????????,??????????????,??????????????,??????????????,??????????????,??????????????,??????????????,????,????????,????,????,????,??????????????,??????????????,??????????????,??????????????,??????????????,??????????????,????????,???????????,???????????,???????????,??????????????,??????????????,??????????????,??????????????,??????????????,???????????,????????,??????????????,??????????????,??????????????,??????????????,??????????????,??????????????,??????????????,??????????????,??????????????,??????????????,??????????????,??????????????,??????????????,??????????????,??????????????,??????????????,??????????????,??????????????,"Option 3, Option 5, Option 7",30-39??,????,?????????????????????
6/26/2024 19:45:20,???,????????????,?????????,Kingkat,???,???????,?????????,???????,???,???????,????????????? ????????,???????,???,???,???,???????,???????,?????????,???????,??????,????????????????????,????????,????????,????????,????????,????????,????????,????????,????????,????????,????????,????????,????????,????????,????????,????????,????????,????????,????????,????????,????????,????,????,????,????,????,????,????,????,????,????,????,????,????,????,????,????,????,????,????,????,??????????????,??????????????,??????????????,??????????????,??????????????,????,????,????,????,????,"Option 1, Option 2, Option 4",40-49??,????,???????????
6/26/2024 19:47:41,???,???????,???,YouO,???,????,????,????,???,????,????????????? ????????,???,???????,?????????,???,??????????,???????,?????????,??????????,Regalos ??????????????????????? ???????????????????????,??????????????????????????????????,????????,????????,???????????,??????????????,??????????????,????,????,??????????????,??????????????,??????????????,????,????????,????,????????,??????????????,????????,??????????????,????,????????,??????????????,???????????,????????,???????????,???????????,??????????????,????????,??????????????,???????????,????,????????,??????????????,??????????????,????,????????,??????????????,??????????????,??????????????,????,????,??????????????,???????????,????????,???????????,???????????,??????????????,????????,??????????????,????????,????,??????????????,"Option 3, Option 7, Option 10",40-49??,???,??? ????????
6/26/2024 19:56:04,???,???,"?????? ??????? , ???????? ",Will’s,?????????,?????????,?????????,?????????,?????????,????,?????????? ????????????? (AI),?????????,?????????,?????????,?????????,?????????,?????????,?????????,?????????,Will’s,"????????????1, ??????????????, ??????????? , ???????????",???????????,??????????????,??????????????,??????????????,??????????????,??????????????,??????????????,??????????????,??????????????,??????????????,??????????????,??????????????,??????????????,??????????????,??????????????,??????????????,??????????????,??????????????,???????????,??????????????,??????????????,??????????????,??????????????,??????????????,??????????????,????????,??????????????,??????????????,???????????,????????,??????????????,??????????????,????????,???????????,???????????,??????????????,??????????????,??????????????,??????????????,??????????????,??????????????,??????????????,???????????,???????????,???????????,??????????????,??????????????,??????????????,??????????????,??????????????,"Option 2, Option 5, Option 6",40-49??,???,???????????
6/26/2024 20:01:02,???,????????????,????????,Mekko ,???,?????????,?????????,?????????,?????????,???????,????????????? ????????,???????,???????,???,?????????,???????,?????????,?????????,?????????,Mekko ???????????????????????????,Probiotic,????????,??????????????,????????,??????????????,??????????????,??????????????,??????????????,??????????????,??????????????,??????????????,????,????,????,????,????,????,????,????????,????????,????,????????,????????,??????????????,??????????????,????,????,????,????,????,????,????????,??????????????,??????????????,??????????????,??????????????,????,????,????,????,????,??????????????,??????????????,??????????????,??????????????,??????????????,????????,??????????????,??????????????,??????????????,????????,"Option 1, Option 2, Option 9",40-49??,????,???????????
6/26/2024 20:08:11,???,?????????????????,????? ???????,You-o,???????,????,?????????,????,?????????,????,????????????? ????????,???????,?????????,???,???????,????,???????,???????,???????,cat n joy,?????????????????,????,??????????????,????,????,????,????,??????????????,????,????????,????,????????,????????,??????????????,????????,????????,????,????,????,????,????,????,????,????,????,????,????????,??????????????,????????,????????,????????,????,??????????????,????,????,????,????,????,????,????,????,???????????,???????????,???????????,???????????,???????????,???????????,???????????,???????????,???????????,???????????,"Option 2, Option 3, Option 6",30-39??,???,?????????????????????
6/26/2024 20:10:36,??????,,,,,,,,,,,,,,,,,,,,,,,,,,,,,,,,,,,,,,,,,,,,,,,,,,,,,,,,,,,,,,,,,,,,,,,,,,
6/26/2024 20:19:06,???,?????????????????????,???????,Mouchou ??? Oliver,?????????,???,?????????,???,???,????,????????????? ????????,???,???,?????????,?????????,?????????,???,???,???,King cat ??????????????? ????? ???????????????? ??????????????????????,????????????????????????? ??????????????????????,????,????,????,????,????,????????,????????,????????,????????,????????,????,????????,????,????,????????,????,????,????,????,????,????????,????????,????,????,????,??????????????,????????,??????????????,????????,??????????????,????,????,????,????,????????,????,????,????,????,????,????,????,????????,????????,????????,???????????,????,???????????,????,???????????,"Option 2, Option 3, Option 6",30-39??,????,?????????????????????
6/26/2024 20:25:56,???,?????????????????????????,??????????,You-O,???????,????,?????????,???????,???,???????,?????????? ????????????? (AI),???????,???,???,????,???????,????,???,???,You-O ????????????????????,?????????? ????????????? ,???????????,???????????,???????????,???????????,???????????,????,????,???????????,????,???????????,??????????????,????????,??????????????,??????????????,??????????????,????????,????????,??????????????,??????????????,????????,????,????,??????????????,????,????,????????,????,????,????????,????,??????????????,????????,????,??????????????,????,??????????????,??????????????,??????????????,??????????????,??????????????,????,????,????,????,????,????????,????,????????,????????,????????,"Option 3, Option 4, Option 8",20-29??,????,??? ????????
6/26/2024 20:27:44,???,??????,????????????,Petheria,???,???????,???,???????,???,????,?????????? ????????????? (AI),???,???,???,???,???????,???,???,???,Purino neo,Qr ?????????????????????????????????????????????????????????????????????? ??????????????????????????,????,????????,????,????,????,????,????,????,????,????,????????,????????,????????,????????,????????,????,????,????,????,????,????????,????????,????????,????????,????????,????,????,????,????,????,????,????,????,????,????,????,????,????,????,????,????,????????,????,????,????,????,????,????,????,????,"Option 3, Option 5, Option 9",40-49??,???,?????????????????????
6/26/2024 20:35:55,???,????????????????? ,???,Kativa ,???,???????,?????????,???????,???,????,????????????? ????????,???,???,???,???????,????,???????,???,???,Kativa,,???????????,????????,???????????,???????????,???????????,????????,????????,????????,????????,????????,????????,????????,????????,????????,????????,????,????????,????????,????,????,????,????????,????,????,????,????,????,????,????????,????,????,????,????,????,????,????????,????,????,????,????,???????????,????,???????????,???????????,???????????,???????????,???????????,???????????,???????????,???????????,"Option 2, Option 3, Option 4",20-29??,????,?????????????????????
6/26/2024 20:37:32,???,??????????,????,"King cat, Friskies",???,????,?????????,????,????,????,?????????? ????????????? (AI),???????,???????,???????,???????,???,???????,???,???????,Friskies ??????,????????? ????????????,???????????,????,????,????,???????????,???????????,????????,???????????,???????????,???????????,????,????????,????,????,????,????,????????,????,????,????,????,????????,????,????,???????????,????????,????????,????,????,????,????,????????,????,????,????,????????,????????,????,????,????????,???????????,????????,???????????,???????????,???????????,???????????,????????,????????,????,???????????,"Option 3, Option 6, Option 8",40-49??,????,??? ????????
6/26/2024 20:41:18,???,????????????? ????????????????????? 555,?? ?????,??????,???????,???????,?????????,???????,???,????,?????????? ????????????? (AI),???,???,???,???,????,???????,???,????,?????? ???????????? ?????? /zoi cat ????????????????????,????????,??????????????,????????,??????????????,??????????????,??????????????,??????????????,????????,??????????????,??????????????,??????????????,???????????,????,???????????,???????????,???????????,??????????????,????,??????????????,??????????????,??????????????,????,????,????,????,????,????,????????,????,????,????,????,????????,????????,????,????,????,????,????,????,????,???????????,????,???????????,???????????,???????????,??????????????,????????,???????????,???????????,???????????,"Option 6, Option 7, Option 8",50?? ??????,?????,????????/????????
6/26/2024 20:44:01,???,??????? ??????????????????????????????,Johnjust ,Projen + petheria,?????????,???????,?????????,???????,???,???????,????????????? ????????,???,???,?????????,????,???????,???????,?????????,???????,Projen + test of wild ??????????????????????????????? ????????????????????????? ????????????????????????????????????????????????????????????????? ?????????????? Projen ?????????????????????? ????????????? ?????????????????,?????????????????????? ??????????????????????????????????????????? ???????? ????????????? ??????????????,????????,????????,????????,??????????????,????,????,???????????,????????,????,????,????????,???????????,????,????,????,????????,???????????,????,????,????,????????,??????????????,??????????????,????????,????????,????,???????????,???????????,???????????,???????????,????,???????????,???????????,????,????,????????,????????,??????????????,??????????????,????????,????,???????????,????,????,????,???????????,???????????,???????????,???????????,???????????,"Option 1, Option 5, Option 8",20-29??,????,?????????????????????
6/26/2024 20:44:14,???,????????????,???,????,?????????,?????????,?????????,?????????,?????????,????,?????????? ????????????? (AI),?????????,?????????,?????????,?????????,?????????,?????????,?????????,?????????,???? ????? ?????????????,?????????????????????,????,????,????,????,????,????????,????????,????????,????????,????????,??????????????,??????????????,??????????????,??????????????,??????????????,??????????????,??????????????,??????????????,??????????????,??????????????,????,????,????,????,????,??????????????,??????????????,??????????????,??????????????,??????????????,??????????????,??????????????,??????????????,??????????????,??????????????,????????,????????,????????,????????,????????,????,????,????,????,????,????,????,????,????,????,"Option 3, Option 6, Option 7",30-39??,????,?????????????????????
6/26/2024 20:51:15,???,??????????????????????,????????,???????? / Justino ????????,?????????,???????,???,???,???,????,?????????? ????????????? (AI),???,???????,???,???,???,???,?????????,???,???????? ??????????????????????,???????????????,????,????????,????,????????,????????,????,????????,????,????,????,????????,????????,????????,????,????????,????????,????????,????????,????,????????,????,????,????,????,????,????,????,????,????????,????,????,????????,????,????,????,????,????,????,????,????,????,????????,????,????????,????,????,????????,????,????,????,"Option 1, Option 3, Option 4",30-39??,????,?????????????????????
6/26/2024 20:51:42,???,????????????????,?????????,King Cat,???,???,?????????,???,?????????,????,????????????? ????????,???,???????,???,???,???,???,?????????,?????????,Buzz,-,????,??????????????,????????,????,????,????????,??????????????,????,????,????,???????????,??????????????,????,????,????,???????????,????,????,????,????,??????????????,????,????????,????????,????????,????????,????????,????,????,????,??????????????,??????????????,??????????????,??????????????,??????????????,??????????????,??????????????,??????????????,??????????????,??????????????,????,????,????,????,????,????,????,????,????,????,"Option 5, Option 7, Option 8",20-29??,????,??? ????????
6/26/2024 20:52:10,???,????????????????,?????? (?????),"Purino, King Cat",?????????,???,?????????,?????????,?????????,????,????????????? ????????,?????????,?????????,?????????,?????????,???,???,???,???????,Whiskas ?? packaging ???,-,????????,????????,????,????,????,????,????????,????,????,????,????,??????????????,????????,????????,????,????,????,????????,????????,????????,??????????????,??????????????,????????,??????????????,??????????????,???????????,????,???????????,????,???????????,????????,????????,????????,??????????????,????????,???????????,????,???????????,???????????,???????????,????,????,????,????,????,???????????,???????????,????,???????????,???????????,"Option 1, Option 5, Option 7",30-39??,???,???????????
6/26/2024 20:52:23,???,???????????????????,????????,??????,???,???,???,???,???,???????,????????????? ????????,???,???,???,???,???????,???,?????????,???,??????,?????,????,????,????,????,????,????,????,????,????,????,????,????????,????,????????,????,????,????,????,????,????,????,????,????,????,????,????,????,????,????,????,????,????,????,????,????,????,????,????,????,????,????,????,????,????????,????,????,????,????,????,????,"Option 2, Option 3, Option 9",30-39??,????,???????????
6/26/2024 20:54:10,???,????????????,???,King Cat,?????????,???????,?????????,???????,?????????,???????,????????????? ????????,???,???????,???,???????,???????,???????,???,???????,King Cat ?????????????????????????????????,,????,????????,????,????,????,???????????,????,???????????,???????????,???????????,????????,????????,????????,????,????????,????,????????,????,????,????,????,????????,????,????,????,????,????????,????,????,????,????,????????,????,????,????,????,????????,????,????,????,????,????????,????,????,????,????,????????,????,????,????,"Option 1, Option 3, Option 9",40-49??,????,???????????
6/26/2024 20:59:19,???,???????????????? ???????????????????????????? ,"??? , ??????????????????","SmartBrain Gold , YOU-O Gold ",???,???,???,???????,???,????,????????????? ????????,???????,???,???,???,?????????,?????????,?????????,?????????,BUZZ Netura ??????????????????????? ????????????????????,,????,????,????,????,????,????????,????,????,????,????,??????????????,????????,??????????????,??????????????,????????,????????,????????,????????,????????,????????,????,????????,????,????,????,????,????????,????????,????,????,????,????,????,????,????,????,????,????,????,????,????,????,????,????,????,????,????,????,????,????,"Option 3, Option 4, Option 6",30-39??,????,?????????????????????
6/26/2024 21:00:04,???,??????????????????????,American Short Hair,Kativa,???,???????,?????????,???,?????????,????,????????????? ????????,???,???,???,?????????,???,?????????,???,?????????,Whiskas ???????,??????????????????????????????????????????????,????,??????????????,????????,????,????,????????,??????????????,????????,????????,????,??????????????,??????????????,????????,????????,????????,??????????????,??????????????,??????????????,??????????????,??????????????,??????????????,??????????????,??????????????,??????????????,????????,??????????????,??????????????,????????,??????????????,????????,????????,??????????????,??????????????,??????????????,????????,??????????????,??????????????,????????,??????????????,??????????????,????,??????????????,????,????,????,????,??????????????,????????,????,????,"Option 1, Option 3, Option 8",30-39??,????,?????????????????????
6/26/2024 21:07:15,??????,,,,,,,,,,,,,,,,,,,,,,,,,,,,,,,,,,,,,,,,,,,,,,,,,,,,,,,,,,,,,,,,,,,,,,,,,,
6/26/2024 21:08:11,???,??????????????????????????,???,Friskies,???,???????,???,???????,???????,????,?????????? ????????????? (AI),???,???????,???,???,???????,???????,???,???,Purino friskies,,????????,????????,????,????,????,????,????,????,????,????,????????,????????,????????,????,????,????,????????,????,????,????,????,????,????,????????,????,????????,????????,????????,????????,????????,????????,????????,????????,????????,????????,????????,????????,????????,????????,????????,???????????,???????????,???????????,????,??????????????,???????????,???????????,???????????,???????????,???????????,"Option 3, Option 4, Option 6",40-49??,????,?????????????????????
6/26/2024 21:10:52,???,?????????????? ?????????? ??????????,???????,Purino neo / king cat,???,???????,???,???,???,???????,?????????? ????????????? (AI),???,???,?????????,?????????,???,???,?????????,?????????,King Cat  ??????????????????????????,Topping ????? ?????????????,??????????????,??????????????,??????????????,????????,????????,??????????????,??????????????,??????????????,????????,????????,??????????????,??????????????,??????????????,??????????????,??????????????,????????,??????????????,????????,????????,??????????????,????????,????,????,????????,????,????,??????????????,????????,????,????,????????,????????,????????,????????,????????,??????????????,??????????????,??????????????,??????????????,??????????????,??????????????,??????????????,??????????????,??????????????,??????????????,????,????,????????,????,????,"Option 1, Option 3, Option 8",30-39??,????,???????????
6/26/2024 21:11:22,???,????,???,"Buzz , justino",???????,???????,?????????,???????,?????????,???????,????????????? ????????,???????,???,?????????,?????????,?????????,?????????,?????????,???,Buzz ????? ???????????? ??? ??????????????????? ???????????????????????????????????,??????????????????,????,????,????,????,????,????,????????,????,????,????,????????,????,????????,????????,????????,????????,????????,????????,????????,????????,????,????,????,????,????,??????????????,??????????????,??????????????,????????,????????,??????????????,??????????????,??????????????,??????????????,??????????????,??????????????,??????????????,??????????????,??????????????,??????????????,????,????????,????????,????????,????????,????????,????????,????????,????????,????????,"Option 6, Option 7, Option 8",30-39??,?????,?????????????????????
6/26/2024 21:42:25,???,????????????????????????,"?????????? ,??????",Pramy,?????????,???????,???,???????,???,????,????????????? ????????,???????,???,???,???????,?????????,???????,???,???????,Buzz ?????????????????? ???????????,???????????????????,????????,????????,????????,????????,????????,????????,????????,????????,????????,????????,????,????????,????????,????????,????,????,????????,????????,????????,????,????,????,????????,????,????,????????,??????????????,????????,????????,????????,????????,????????,????????,????????,????????,??????????????,??????????????,????????,????????,??????????????,????,????,????,????,????,????,????,????,????,????,"Option 1, Option 6, Option 8",20-29??,????,?????????????????????
6/26/2024 21:46:41,???,???????????????,???,Purena Friskies,???,????,???,????,???????,???????,?????????? ????????????? (AI),???,???,???,???,???,???,???,???,Whiskas,????,????????,????????,????????,????????,????????,????????,????????,????????,????????,????????,????????,????????,????????,????????,????????,????,????,????,????,????,????,????,????,????,????,????????,????????,????????,????????,????????,????,????,????,????,????,????????,????????,????????,????????,????????,????????,????????,????????,????????,????????,????,????,????,????,????,"Option 3, Option 6, Option 9",30-39??,????,??? ????????
6/26/2024 21:58:03,???,??????????????????????????????????????????? ??????????????????????????? ??????????????????????????/????????????????????????,???,??? ???,???,???,?????????,???????,???,????,????????????? ????????,???,???,???,?????????,???????,???????,???,???,??? ??? ????????????? CI ?????????????????????????????????????????,???????????????????????????????????????,????,????????,????,????,????,????,??????????????,????,????????,????,??????????????,??????????????,??????????????,??????????????,??????????????,??????????????,??????????????,??????????????,??????????????,??????????????,??????????????,??????????????,??????????????,??????????????,??????????????,????,????,????,????,????,????,????????,????,????,????,????,????,????,????,????,??????????????,????,????,????,????,????,????????,????,????????,????,"Option 2, Option 3, Option 4",20-29??,????,??? ????????
6/26/2024 22:00:13,???,??????????????????? ?????????,??? ?????????,Buzz ,?????????,???,?????????,?????????,?????????,???????,????????????? ????????,?????????,???,?????????,?????????,?????????,?????????,?????????,???,Solid ????????????,??????,???????????,????????,???????????,???????????,???????????,????,????,????,????,???????????,??????????????,??????????????,??????????????,??????????????,??????????????,????????,????????,????????,????????,????????,????????,????????,????????,????????,????????,??????????????,??????????????,??????????????,????????,??????????????,????????,????????,????????,????????,????????,????????,??????????????,??????????????,??????????????,??????????????,????,????,????,????,????,????????,????,????????,????????,????????,"Option 3, Option 6, Option 8",20-29??,????,??? ????????
6/26/2024 22:03:59,???,????????????,?????????,???? ????? ???????????????? ??? ????????,???????,????,?????????,????,????,???????,????????????? ????????,????,????,???????,???????,???????,???????,???????,???????,???????,Topping ,??????????????,????,????,????,????,????,????,????,????,????,????,????,????,????,????,????,????,????,????,????,????,????,????,????,????,????,????,????,????,????,????,????,????,????,????,????,????,????,????,????,????,????,????,????,????,????,????,????,????,????,"Option 6, Option 7, Option 8",40-49??,????,??? ????????
6/26/2024 22:36:18,???,??????,????????????,YouO,?????????,???,?????????,???,???,????,?????????? ????????????? (AI),?????????,?????????,?????????,?????????,?????????,?????????,?????????,???,YouO,?????????????????????????????????????????,??????????????,??????????????,??????????????,??????????????,??????????????,????????,??????????????,??????????????,??????????????,??????????????,????????,??????????????,??????????????,??????????????,??????????????,??????????????,??????????????,??????????????,??????????????,??????????????,??????????????,??????????????,??????????????,??????????????,??????????????,??????????????,??????????????,??????????????,??????????????,??????????????,??????????????,??????????????,??????????????,??????????????,??????????????,????,??????????????,??????????????,??????????????,??????????????,????,????,????,????,????,????,????,????,????,????,"Option 1, Option 3, Option 7",30-39??,????,??? ????????
6/26/2024 22:51:20,???,?????????????????????? ??????????????????,?????,"Purino neo, Buzz holistic, ??????",?????????,???????,?????????,??????????,???????,????,????????????? ????????,???????,?????????,?????????,???,????,???????,?????????,???????,?????? ??????????? ??????? ????????????????????,???????????????????????????????????????????????????? ,???????????,????,????,???????????,???????????,????????,????,???????????,????????,????,????????,????,????,????,????????,????????,????????,????,????????,????????,????????,????????,????,????,????,????????,????????,????,????????,????,????,????,????,????,???????????,???????????,????,???????????,????,???????????,????????,????????,????????,????????,????????,????,????,????,????????,????,"Option 3, Option 4, Option 9",30-39??,????,??? ????????
6/26/2024 23:31:03,???,????????????? ????????????????????,scotish,King cat,?????????,???,???,???,?????????,????,????????????? ????????,???,???,???,???,????,???,?????????,???????,??????????????? King Cat ????????????????????? YouO ????????????????? YouO ?? ??????????????,????????? ???????????? ????????????????????????????????,??????????????,????????,??????????????,??????????????,??????????????,??????????????,????????,??????????????,??????????????,??????????????,????????,????????,????,????????,????,??????????????,????????,??????????????,??????????????,??????????????,??????????????,??????????????,??????????????,??????????????,??????????????,????????,????????,????,????????,????,??????????????,??????????????,??????????????,??????????????,??????????????,??????????????,??????????????,??????????????,??????????????,??????????????,??????????????,????????,????,??????????????,??????????????,??????????????,????????,????????,????????,??????????????,"Option 3, Option 6, Option 10",30-39??,???,?????????????????????
6/27/2024 0:23:13,??????,,,,,,,,,,,,,,,,,,,,,,,,,,,,,,,,,,,,,,,,,,,,,,,,,,,,,,,,,,,,,,,,,,,,,,,,,,
6/27/2024 0:24:12,??????,,,,,,,,,,,,,,,,,,,,,,,,,,,,,,,,,,,,,,,,,,,,,,,,,,,,,,,,,,,,,,,,,,,,,,,,,,
6/27/2024 7:40:15,???,??? ??????????,??????? ????????,???????,?????????,???????,?????????,???,???,????,????????????? ????????,???,???,???,???,???,???,???,???,????????? ?????????????,????,????????,????????,????????,????????,????????,??????????????,??????????????,??????????????,??????????????,??????????????,??????????????,??????????????,??????????????,??????????????,??????????????,????,????????,????????,????????,????????,????????,????????,????????,????????,????????,??????????????,??????????????,??????????????,????????,????????,????,????,????,????,????,????????,????????,????????,????????,????????,????,????,????,????,????,???????????,???????????,???????????,???????????,???????????,"Option 1, Option 2, Option 5",50?? ??????,????,???????????
6/27/2024 7:54:41,???,?????????,?????????,PURINO,?????????,???,?????????,???,???,???????,????????????? ????????,???,???,???????,???,???,???????,???,???????,PURINO ?????????????????????????,???????,????,????,???????????,????????,????,????????,????????,????????,????????,????????,??????????????,??????????????,??????????????,????????,????????,???????????,???????????,???????????,???????????,???????????,???????????,???????????,???????????,???????????,???????????,????????,????????,????????,????????,????????,????,????,????,????,????,????,????,????,????,????,??????????????,??????????????,??????????????,??????????????,??????????????,??????????????,??????????????,??????????????,??????????????,??????????????,"Option 2, Option 3, Option 6",50?? ??????,????,????????/????????
6/27/2024 8:10:45,???,????????,???,????????????????,?????????,?????????,?????????,?????????,?????????,???????,????????????? ????????,???,???,?????????,???,?????????,?????????,?????????,?????????,???????????????????????????????????,????????????????????,????,????????,????,???????????,???????????,????,????,????,????,????,????????,????????,????????,????????,????????,????????,????????,????????,????????,????????,????????,????????,????????,????????,????????,????????,????????,????????,????????,????????,????????,????????,????????,????????,????????,????????,????????,????????,????????,????????,????????,????????,????????,????????,????????,????????,????????,????????,????????,????????,"Option 3, Option 6, Option 10",20-29??,????,?????????????????????
6/27/2024 8:45:28,???,????????????????????????????????,?????????,????,???,???,???,???,???,????,????????????? ????????,???,???,???,???,???,???,???,???,???? ????????????????????????,,????,????,????,????,????,????,????,????,????,????,????,????,????,????,????,????,????,????,????,????,????????,????????,????????,????????,????????,????,????,????,????,????,????,????,????,????,????,????,????,????,????,????,????,????,????,????,????,???????????,???????????,???????????,???????????,???????????,"Option 2, Option 3, Option 5",30-39??,????,??? ????????
6/27/2024 8:55:19,???,??????????,??????,????????,???,???????,???,????,???????,???????,????????????? ????????,???????,???????,?????????,?????????,???,???,???,???????,???????? ?????????? ???????????????? ?????,,????????,??????????????,????????,????,????,????,????,????,????,????,??????????????,????????,????????,????????,????????,????????,????????,????????,????,????,????????,????,????,????,????,??????????????,??????????????,????????,????????,????????,????????,????,????????,????????,????,????,????,????,????,????,????,????,????,????,????,????,????????,????,????,????,"Option 3, Option 5, Option 6",30-39??,????,??? ????????
6/27/2024 9:40:06,??????,,,,,,,,,,,,,,,,,,,,,,,,,,,,,,,,,,,,,,,,,,,,,,,,,,,,,,,,,,,,,,,,,,,,,,,,,,
6/27/2024 10:14:39,???,???????,ScottishFold,King Cat,?????????,???,?????????,???,?????????,????,????????????? ????????,?????????,?????????,???,???,???,???,?????????,???,Buzz ?????????????????????????????,??????????,????,????????,????,????,????,????????,????????,????????,????????,????,??????????????,??????????????,??????????????,????????,??????????????,????????,????????,????,????,????,????????,????????,????,????,????,????????,????????,????????,????????,????????,??????????????,??????????????,??????????????,??????????????,??????????????,????????,????,????,????,????,????,????????,????,????,????,????,????????,????????,????,????,"Option 2, Option 6, Option 7",30-39??,????,?????????????????????
6/27/2024 11:03:03,??????,,,,,,,,,,,,,,,,,,,,,,,,,,,,,,,,,,,,,,,,,,,,,,,,,,,,,,,,,,,,,,,,,,,,,,,,,,
6/27/2024 11:49:47,???,????????,????????????????,Purino Neo,???,???,???,???????,???,????,????????????? ????????,???,???????,???,???,???????,???????,???,???????,King Cat ?????????? ?????? ???????????????????????,Product RTB  ????? ?????? ??????????,????,????????,????,????,????,????????,????????,????????,????????,????????,????????,????????,????????,????????,????????,????,????????,????????,????????,????,????,??????????????,????????,????????,????,????,????????,????,????,????,????????,??????????????,????????,????????,????,????????,??????????????,????????,????????,????,????,????????,????????,????,????,????,????????,????,????,????,"Option 3, Option 4, Option 7",20-29??,????,??? ????????
6/27/2024 11:52:24,???,???????????????????,??????,??????,?????????,???,?????????,???,?????????,???????,????????????? ????????,???,?????????,?????????,?????????,?????????,???,?????????,?????????,?????? ??????????????????????? ??????????????,,??????????????,??????????????,??????????????,??????????????,??????????????,????????,????????,????,??????????????,????????,??????????????,??????????????,??????????????,??????????????,??????????????,??????????????,??????????????,??????????????,??????????????,??????????????,??????????????,??????????????,??????????????,??????????????,??????????????,????,????,????,????,????,????,????,????,????,????,??????????????,??????????????,??????????????,??????????????,??????????????,??????????????,??????????????,??????????????,??????????????,??????????????,???????????,???????????,???????????,???????????,???????????,"Option 1, Option 3, Option 4",20-29??,????,???????????
6/27/2024 11:56:44,??????,,,,,,,,,,,,,,,,,,,,,,,,,,,,,,,,,,,,,,,,,,,,,,,,,,,,,,,,,,,,,,,,,,,,,,,,,,
6/27/2024 11:57:29,???,????????????????? ????????????? ??????????????????????????????? ??????????????????????? ?????????????????? ????????????????????????????????????? ????????????? (???????????????) ???????????????????????????????????????,??????????? ?????,"YouO Gold, MEKKO",???,???????,?????????,???????,?????????,???????,????????????? ????????,???,?????????,???????,?????????,??????????,???????,???,???????,??????? ?????????????????? ??????? ???????????????????? // Petheria ??????????????????,???????????????,??????????????,????????,???????????,??????????????,??????????????,????,????????,????,??????????????,??????????????,????????,??????????????,????,????????,????????,??????????????,??????????????,????????,????????,??????????????,????,????,??????????????,????,??????????????,???????????,????,????,???????????,??????????????,??????????????,??????????????,??????????????,??????????????,??????????????,????????,????????,????????,??????????????,??????????????,??????????????,??????????????,??????????????,??????????????,??????????????,????,????,???????????,???????????,??????????????,"Option 3, Option 4, Option 8",20-29??,????,??? ????????
6/27/2024 12:00:30,???,???????????????,?????????????????,??????,???,????,?????????,????,???????,???????,?????????? ????????????? (AI),????,???????,???,???????,???????,???????,???,???,??????????????? ??????????????????????????????????????????,,????,????,????,????,????,????????,????????,????,????,????????,????,????????,???????????,????????,????,????,????,???????????,????,???????????,????????,????????,????????,????????,????????,????????,????????,????,????????,????????,????,????,???????????,????,???????????,???????????,????????,???????????,????,???????????,????,???????????,????????,????????,????,????,????????,????,????,???????????,"Option 2, Option 5, Option 6",30-39??,???,??? ????????
6/27/2024 12:02:35,???,???????????? ?????????????????????,??????,???????????????????,???,???????,???,???????,?????????,????,????????????? ????????,???,???,???,???,?????????,???????,?????????,???????,?????????,?????????????,???????????,???????????,???????????,???????????,???????????,????????,??????????????,????????,????????,????????,????????,????????,??????????????,????????,??????????????,????????,????????,????????,????????,????????,????,????,????,???????????,??????????????,??????????????,??????????????,??????????????,??????????????,??????????????,????,???????????,???????????,??????????????,???????????,???????????,???????????,???????????,??????????????,???????????,???????????,???????????,???????????,??????????????,???????????,??????????????,??????????????,??????????????,??????????????,??????????????,"Option 2, Option 3, Option 4",30-39??,???,??? ????????
6/27/2024 12:03:18,???,????????? ???????????? ??????????????? ,?????? ???????? ???????,????????????? ?????? ?????????? ????,???,???????,?????????,???,???,????,????????????? ????????,???,?????????,???,???????,???,???,???,???????,?????? ????,????????,????,????????,????,????,????,????????,??????????????,????,????,????????,??????????????,????????,????????,????,????????,????????,????????,????,????????,????????,???????????,????,????,????,????,????,????,????????,????????,????,????,????????,????,????????,????,????,????????,????,????,????,???????????,????,???????????,????,???????????,???????????,???????????,???????????,????,???????????,"Option 2, Option 3, Option 4",30-39??,????,??? ????????
6/27/2024 12:08:11,???,???,????????????????? ??????????????????????????,?????????????? ????????????????? (??????????????????????),???,???????,?????????,???????,???,???????,?????????? ????????????? (AI),???????,???,???????,???????,???????,???????,???,???????,?????? ?????????????????? ??????????????????????,?????????????? ??????????????????????????? ??? ???? ??????????????????,???????????,????????,???????????,???????????,??????????????,????????,????,???????????,???????????,???????????,????,????????,????,???????????,????,????,????????,????,????,????,????,????????,????????,????,????,????,????????,????,????,????,???????????,????,???????????,???????????,???????????,????,????????,????,????,????,????,????????,????,????,????,????,????????,????????,????,????,"Option 3, Option 4, Option 10",40-49??,???,?????????????????????
6/27/2024 12:17:19,???,???,??????,??????,???,???????,?????????,???,???,????,?????????? ????????????? (AI),???,?????????,?????????,?????????,?????????,???????,?????????,???,??????,,????????,??????????????,????,????????,????????,????,????,????,???????????,???????????,????????,????,????????,????,????,????????,??????????????,????????,????????,????????,????,????,????,????,????,????,????,???????????,????,???????????,???????????,????,???????????,???????????,???????????,???????????,????,????,????,???????????,????,????,???????????,????,????,???????????,???????????,???????????,???????????,???????????,"Option 1, Option 3, Option 4",30-39??,????,??? ????????
6/27/2024 12:19:10,???,???,???,King Cat,???,????,???,????,???????,???????,????????????? ????????,????,????,?????????,???????,???????,????,?????????,?????????,??????,????????? ???? ???????? ???????????? ??????????,????????,????????,????,????,????,????,????????,????,????,????,????????,??????????????,????????,????????,????????,????,????,????,????,????,????????,????????,????,????,????,????,????,????,????,????,????,????,????,????,????,????????,????????,????,????,????,????,????,????,????,????,????,????,????,????,????,"Option 3, Option 4, Option 5",30-39??,????,?????????????????????
6/27/2024 12:37:30,???,??????????????,??????????? (?????),Kativa,???,???????,?????????,???????,???,????,????????????? ????????,???????,???????,???????,???????,???????,???????,???,???,Katival ?????????????????????????????????????? ,,????,????,????,????,????,????,????,????,????????,????,????????,????????,????????,????????,????????,????,????????,????,????????,????,????,????,????,????,????,????????,????????,????????,????????,????????,????,????,????,????????,????,????,????,????,????????,????,????????,????????,????,??????????????,????,????,????,????,????,????,"Option 3, Option 6, Option 9",20-29??,????,??? ????????
6/27/2024 13:13:32,???,??????????,????????,YOU-O ,???,???????,?????????,???????,???,????,????????????? ????????,???,???????,?????????,?????????,?????????,???,?????????,???,?????? ??????????????????????????????????????????????????,??????,????,????????,????,????????,????,??????????????,??????????????,????,????????,????,??????????????,????????,??????????????,??????????????,??????????????,????,????????,????,????????,????,??????????????,????????,??????????????,??????????????,??????????????,??????????????,??????????????,??????????????,????????,??????????????,????????,????????,????????,????????,????????,????????,????,????,????,????,????????,????????,????,????????,????????,????????,????????,????????,????????,????,"Option 3, Option 6, Option 7",30-39??,????,??? ????????
6/27/2024 13:18:34,???,??????????????????????,Domestic short hair,Pateria,?????????,???,?????????,???,???,????,?????????? ????????????? (AI),???,?????????,???,???,?????????,???,?????????,?????????,You-O ?????????????????? ??????????????????????????????,??????????????????????????????????????????????????????????? ???? ????? ,????????,??????????????,????????,??????????????,??????????????,??????????????,??????????????,??????????????,????????,????????,??????????????,????????,????????,??????????????,??????????????,????????,????????,??????????????,????????,??????????????,????????,??????????????,??????????????,????????,??????????????,????????,????????,????????,????????,????????,????????,????????,????????,????????,????????,????????,????????,??????????????,????????,??????????????,????????,??????????????,????????,??????????????,??????????????,????,????,????????,????,????????,"Option 1, Option 2, Option 3",20-29??,?????,?????????????????????
6/27/2024 13:19:15,???,????????????? ?????????????,???????????????????,Purino neo,???,??????????,?????????,??????????,???,????,?????????? ????????????? (AI),???,???????,???????,???,???,???????,???,???????,Purino neo ???????????????????????,,??????????????,????,???????????,??????????????,??????????????,????,????,???????????,????,??????????????,????????,????????,????????,????????,????????,????????,????,????,????????,????,????,????????,????????,????????,????????,????????,????????,????,????????,????????,????,????,????,????,????,????????,????????,????????,????????,????????,????????,????,????,????????,????????,????,????????,????,????,????,"Option 3, Option 4, Option 6",20-29??,????,?????????????????????
6/27/2024 13:21:18,???,????????? ???????????? unconditional love,American shorthair,Purino Neo,???,???????,?????????,???????,?????????,???????,?????????? ????????????? (AI),???,???????,?????????,???,???????,???,???,???????,Purino Neo ?????????????????? ?????????????,,????,????????,????,????,????,????,????,????????,????,????,???????????,????????,???????????,????,???????????,????,????????,????,????,????,????,????,????,????,????,???????????,???????????,???????????,???????????,???????????,???????????,???????????,???????????,???????????,???????????,????,????????,????,????,????,????,????,????,????,????,????,????????,????,????,????,"Option 2, Option 7, Option 9",30-39??,????,??? ????????
6/27/2024 13:22:28,??????,,,,,,,,,,,,,,,,,,,,,,,,,,,,,,,,,,,,,,,,,,,,,,,,,,,,,,,,,,,,,,,,,,,,,,,,,,
6/27/2024 13:24:23,???,??????????,????????,????,?????????,?????????,?????????,?????????,?????????,???????,????????????? ????????,?????????,?????????,?????????,?????????,?????????,?????????,?????????,?????????,????,,???????????,????????,????,????????,???????????,??????????????,??????????????,??????????????,??????????????,??????????????,??????????????,??????????????,??????????????,??????????????,??????????????,??????????????,??????????????,??????????????,??????????????,??????????????,??????????????,??????????????,??????????????,??????????????,??????????????,??????????????,??????????????,??????????????,??????????????,??????????????,??????????????,??????????????,??????????????,??????????????,??????????????,??????????????,??????????????,??????????????,??????????????,??????????????,??????????????,??????????????,??????????????,??????????????,??????????????,??????????????,??????????????,??????????????,??????????????,??????????????,"Option 3, Option 5, Option 6",20-29??,????,??? ????????
6/27/2024 13:25:19,???,"everything, unconditional love ?? ",DSH,King cat,???????,???????,???,???,?????????,???????,?????????? ???????????,???,???,?????????,???????,???????,?????????,?????????,???,Buzz,????????? ????????????? ?? ????????? ??????????,????,????????,????,????,???????????,????????,??????????????,????,????,????????,????????,????,????????,????????,????????,????,????,???????????,???????????,???????????,??????????????,??????????????,??????????????,??????????????,??????????????,??????????????,??????????????,??????????????,??????????????,??????????????,????,????,????,????????,????,????????,????,????????,????????,????????,??????????????,??????????????,??????????????,??????????????,??????????????,??????????????,??????????????,??????????????,??????????????,??????????????,"Option 2, Option 3, Option 8",20-29??,????,?????????????????????
6/27/2024 13:26:36,???,???????????????????????????????????????????????????? ???????????????????????????????????????????????????? ???????????????????????????????,????????,?????????????? ????????????/??????? zoi cat???,?????????,???????,???,???????,?????????,????,????????????? ????????,???,?????????,???,?????????,?????????,???,?????????,???????,??????? ????????????? ????????????????????????????,,????????,????????,????????,????????,????????,????????,????????,????????,??????????????,????????,??????????????,??????????????,??????????????,??????????????,??????????????,??????????????,??????????????,??????????????,??????????????,??????????????,??????????????,??????????????,??????????????,??????????????,??????????????,????????,????????,????????,????????,????????,????????,????????,????????,????????,????????,????????,????????,????????,????????,????????,????????,????????,????????,????????,????????,????????,????????,????????,????????,????????,"Option 3, Option 4, Option 5",20-29??,????,??? ????????
6/27/2024 13:38:57,???,??????????????????,American Shorthair,Solid gold,???????,???????,?????????,???,???,???????,????????????? ????????,???????,????,????,?????????,???????,???,?????????,???????,?????? ?????????? ??????????,,????????,????????,????,????,????,????????,????????,????,????,????????,????,????,????,????,????,????????,????????,????,????,????????,????,????,????,????,????,???????????,???????????,???????????,???????????,??????????????,????????,????????,????,????,????,???????????,???????????,????,????,????,??????????????,???????????,??????????????,??????????????,??????????????,???????????,????????,???????????,???????????,???????????,"Option 2, Option 4, Option 7",20-29??,????,?????????????????????
6/27/2024 13:48:56,???,???????????? ??? ???????? ??????????? ??????????????????????????????????,????????????,Taste of the wild ,?????????,???????,???????,?????????,?????????,????,????????????? ????????,?????????,???????,???????,?????????,?????????,?????????,?????????,???????,Taste of the wild ,????????????????,??????????????,????,??????????????,??????????????,??????????????,??????????????,????,??????????????,??????????????,??????????????,????,??????????????,????????,????,??????????????,??????????????,??????????????,???????????,??????????????,??????????????,??????????????,????,????????,??????????????,??????????????,??????????????,??????????????,????,??????????????,??????????????,????????,????????,????????,????,????,??????????????,??????????????,????????,????????,??????????????,??????????????,??????????????,??????????????,??????????????,??????????????,??????????????,???????????,????????,??????????????,??????????????,"Option 7, Option 9, Option 10",40-49??,???,??? ????????
6/27/2024 13:49:07,??????,,,,,,,,,,,,,,,,,,,,,,,,,,,,,,,,,,,,,,,,,,,,,,,,,,,,,,,,,,,,,,,,,,,,,,,,,,
6/27/2024 14:02:40,???,?????????????????????,???????????????? ????????? ?????????????? 2 ????????? ,"King Cat, purino neo, kaniva, tiffany, Mekko kotten, maxima",???,???,?????????,???,???,????,?????????? ????????????? (AI),?????????,???,?????????,?????????,???????,???,???,???,purino neo ??????,??? ????? ?????????? ?????????? ???????????? ,????,????,???????????,???????????,???????????,????????,????????,????,????????,????????,????,????,???????????,???????????,??????????????,????,????,???????????,????,??????????????,????????,????????,????,????,????????,??????????????,???????????,??????????????,???????????,??????????????,????????,????,????????,????????,???????????,????,???????????,????,????,???????????,????,????,????,???????????,???????????,??????????????,???????????,????,???????????,??????????????,"Option 2, Option 5, Option 9",40-49??,????,???????????
6/27/2024 14:04:01,??????,,,,,,,,,,,,,,,,,,,,,,,,,,,,,,,,,,,,,,,,,,,,,,,,,,,,,,,,,,,,,,,,,,,,,,,,,,
6/27/2024 14:04:50,???,????????????????????,?????,Purino Neo / Kativa ,?????????,???????,?????????,???????,???,???????,?????????? ????????????? (AI),???,???,?????????,?????????,???,???????,???,???,Solid Gold ?????????????????,??????????????????????????????,??????????????,??????????????,??????????????,??????????????,??????????????,????,????,????,????,????,????????,????????,????????,????????,????????,????????,????????,????????,????????,????????,????,????,????,????,????,????,????,????,????,????,????,????,????,????,????,????,????,????,????,????,???????????,???????????,???????????,???????????,???????????,???????????,???????????,???????????,???????????,???????????,"Option 3, Option 4, Option 5",40-49??,????,?????????????????????
6/27/2024 14:06:54,???,????????????????????????,???,???????,???,???????,?????????,???????,?????????,????,?????????? ????????????? (AI),?????????,?????????,?????????,?????????,???????,???????,???,???????,???? ?????????????????????????????????,,????,??????????????,????????,????,???????????,????????,??????????????,??????????????,????????,????????,????????,??????????????,????,??????????????,????????,????,??????????????,????????,????????,????????,????,??????????????,??????????????,????????,????????,???????????,??????????????,????,????????,????,???????????,????????,????,????????,????,????,??????????????,????,????????,????,????????,??????????????,????,????????,????????,????????,??????????????,??????????????,??????????????,????????,"Option 2, Option 5, Option 10",30-39??,????,??? ????????
6/27/2024 14:13:15,???,????????,?????,King cat,???,???????,???????,???????,???,???????,????????????? ????????,???????,???????,???,???????,???????,???,???,?????????,King cat ??????????,,????,????????,????,????????,????,????,????,????,????,????,???????????,????????,???????????,????,???????????,???????????,???????????,???????????,???????????,???????????,???????????,???????????,???????????,???????????,???????????,???????????,???????????,???????????,???????????,???????????,???????????,???????????,???????????,???????????,???????????,????,????,????,????,????,????,????,????,????,????,???????????,???????????,???????????,???????????,???????????,"Option 1, Option 2, Option 8",40-49??,????,???????????
6/27/2024 14:20:16,??????,,,,,,,,,,,,,,,,,,,,,,,,,,,,,,,,,,,,,,,,,,,,,,,,,,,,,,,,,,,,,,,,,,,,,,,,,,
6/27/2024 14:31:29,???,?????????,american shorthair ?????????,king cat ???????  purino,?????????,??????????,?????????,??????????,???,????,????????????? ????????,???,???,???,???,???,???????,???,???,King cat,????????????? ????font??????? ????????????????????????????,???????????,????,????,????,????,????,????,????,????,????,????,????????,????,????,????,????,????,????,????,????,????,????,????,????,????,????,????,????,????,????,????,????,????,????,????,????,????,????,????,????,????????,????,????,????,????,????,????,????,????,????,"Option 3, Option 5, Option 9",40-49??,????,???????????
6/27/2024 14:31:49,???,??????????????????????,??????,SmartBrain  gold ?????????,???????,????,?????????,??????????,???????,????,????????????? ????????,???,???,????,??????????,??????????,??????????,???,???????,?????? Kativa ???? branding ?????? + ?????????????? (???????????????) ????????? Online Ads ???? ???????? Influ (???????????) ??????????????????????????????????????????????,"??????????????????????? ??????????????????????????????? ??????????????????????????????
?????????????? (SmartBrain gold) ??????????? Influ ???????????????????????? (Malon family) ???????????? ????????????????????????????????? Influ ??????????????????? ???????????? ???????????????? ????????????????????",??????????????,??????????????,??????????????,??????????????,??????????????,??????????????,????????,???????????,????,??????????????,????????,??????????????,???????????,????,????,????,??????????????,??????????????,????,??????????????,??????????????,??????????????,??????????????,??????????????,??????????????,??????????????,??????????????,??????????????,??????????????,??????????????,??????????????,??????????????,??????????????,??????????????,??????????????,????,??????????????,???????????,??????????????,??????????????,??????????????,??????????????,??????????????,????????,??????????????,??????????????,??????????????,??????????????,??????????????,??????????????,"Option 3, Option 4, Option 8",20-29??,????,??? ????????
6/27/2024 14:45:50,???,????????,?????????? ?????,"Solid gold , taste of the wild ",?????????,???????,???????,???,?????????,????,????????????? ????????,?????????,?????????,?????????,?????????,???????,?????????,???,?????????,Taste of the Wild ??????????,???????????????????????????????? ??????? ?? ???? ????????? ???????????????????????,????,????????,????,????,????,????????,????????,????????,????????,????????,????????,????????,????????,????????,????????,????????,????????,????????,????????,????????,????????,????????,????????,????????,????????,??????????????,??????????????,??????????????,??????????????,??????????????,??????????????,??????????????,??????????????,??????????????,??????????????,??????????????,??????????????,??????????????,??????????????,??????????????,????????,????????,????????,????????,????????,????,????,????,????,????,"Option 4, Option 6, Option 7",40-49??,????,?????????????????????
6/27/2024 14:51:02,???,?????????????????????????,"????????,????????????????",King Cat,?????????,????,?????????,???????,????,????,????????????? ????????,?????????,?????????,???,???,???,???????,???????,???????,taste of the wild ??????????????????????????????????????????? ?????????????????????????????????????????????,??????????????????????????????????????????????????????????????????????????????????????????????????????????????????? ?????????????????????????????????????????????????????????????????????????????????????????????,????,????,???????????,???????????,???????????,????,????,????,????,????,????????,????????,????,????,????,????,????,????,????,????,????????,????????,????????,????????,????,????,????????,????,????,????,??????????????,????????,????????,????????,????????,????????,????????,????????,????????,????????,????,????,????,????,????,????????,????????,????????,????????,????????,"Option 5, Option 7, Option 8",20-29??,????,?????????????????????
6/27/2024 15:01:30,???,???,American Shorthair ,King Kat ,???,???,?????????,???,?????????,???????,?????????? ????????????? (AI),???,?????????,?????????,???,???,???????,?????????,???,?????? ???????????????,??????? ,????,????,????,????,????,????,????,????,????,????,????,????,????,????,????,????,????,????,????,????,????,????,????,???????????,????,????????,????????,????,????,????????,????,????,????,????,????,????????,????????,????,????,????????,????,????,????,????,????,????,????,????,????,????,"Option 6, Option 7, Option 8",30-39??,????,???????????
6/27/2024 15:05:58,???,??????,??????,Solid gold,???,???,???,???,???,????,????????????? ????????,???,???????,???????,???????,?????????,???,?????????,???,Solid gold,,????,????????,???????????,????,???????????,???????????,????????,????,????,???????????,????,????????,????,????,????,????,????????,????,????,????,????????,????,????,????,????????,????????,??????????????,????????,????????,????????,????????,????????,????????,????????,????????,????????,????????,????????,????????,????????,????,????,????,????,????,???????????,???????????,???????????,???????????,???????????,"Option 6, Option 7, Option 8",30-39??,???,?????????????????????
6/27/2024 15:09:52,??????,,,,,,,,,,,,,,,,,,,,,,,,,,,,,,,,,,,,,,,,,,,,,,,,,,,,,,,,,,,,,,,,,,,,,,,,,,
6/27/2024 15:12:11,???,???????????,?????? ,Purino neo ,?????????,???,?????????,???,???,????,?????????? ????????????? (AI),???,?????????,?????????,?????????,???,???,?????????,?????????,King cat ????????????? ,,????,????????,????,????,????,????????,????????,????????,????????,????????,????????,????????,????????,????????,????????,??????????????,????????,??????????????,??????????????,??????????????,????,????,????,????,????,???????????,???????????,???????????,???????????,???????????,???????????,???????????,???????????,???????????,???????????,????,????,????,????,????,????,????,????,????,????,???????????,???????????,???????????,???????????,???????????,"Option 2, Option 3, Option 4",20-29??,????,??? ????????
6/27/2024 15:14:39,???,?????????????????,???????,??????,???,?????????,?????????,?????????,?????????,????,????????????? ????????,???????,???????,???,???,?????????,?????????,?????????,?????????,??????,,???????????,???????????,???????????,???????????,???????????,????,????,????,????,????,????,????,????,????,????,??????????????,??????????????,???????????,???????????,???????????,????,????,????,????,????,????,????,????,????,????,????????,????,???????????,????,???????????,???????????,???????????,????,????,???????????,???????????,????,????,????,???????????,??????????????,??????????????,????????,??????????????,????????,"Option 8, Option 9, Option 10",40-49??,?????,????????/????????
6/27/2024 15:26:50,???,???????????????,?????? ???????,buzz,???,???,?????????,???????,???,????,????????????? ????????,???,???,???,???,???????,???????,???,???,buzz beyond ?????? ?????,,????,????,????,????,???????????,????,????,????,????,????,????????,????????,????????,????????,????????,????,????,????,????,????,????,????,????,????,????,????,????????,????,????,????,????????,????????,????????,????,????,????,????,????,????,????,????,????,????,????,????,????,????,????,????,????,"Option 3, Option 6, Option 7",30-39??,????,???????????
6/27/2024 15:38:12,???,????????????? ????????????,?????? ?????????,purino neo,?????????,???,?????????,???????,?????????,????,????????????? ????????,?????????,???,?????????,?????????,?????????,?????????,?????????,?????????,king cat,,????,????,????,????,????,??????????????,??????????????,??????????????,??????????????,??????????????,??????????????,??????????????,??????????????,??????????????,??????????????,??????????????,??????????????,??????????????,??????????????,??????????????,????????,????????,????????,????????,????????,????????,????????,????,????,????,????????,????????,????,????????,????????,??????????????,????????,??????????????,??????????????,????????,????,????,????,????,????,????,????,????,????,????,"Option 2, Option 3, Option 4",30-39??,????,??? ????????
6/27/2024 15:41:03,???,??????????????????????,??,"??????????????? ???? buzz netura, cheershare, ostech, bite of wild etc.",?????????,????,???,????,???????,????,????????????? ????????,???????,????,???,?????????,???,?????????,???????,???????,buzz netura ????????????? / ?????????????????????????? cat's taste ,??????????????? ????????????? ????????????????????????????????????? ????????????????? ?????????? ?????????????????????????? ??????????????????????????? ????????????????????????????????????????????????????????? // ?????????????????? ??????????? ???,????,????????,???????????,???????????,???????????,????,????????,????,????????,????,????,????????,????,????,????,????????,????????,????,????,????,????????,????????,????????,????,????????,????,????????,????,????,????,????????,????????,????????,????,????,????,????????,????,????,????,???????????,???????????,????,????,???????????,???????????,????????,????,????,????,"Option 4, Option 5, Option 7",30-39??,????,???????????
6/27/2024 15:51:54,???,??????? ??????????,???,?????? ,???????,?????????,???,???,?????????,????,?????????? ????????????? (AI),???,?????????,???????,???????,???????,?????????,?????????,???,Taste of the wild ????????? ??????????????????,????????????,????,????????,????,????,????,????,????????,????,????,????,????????,????????,????????,????????,????????,????????,????????,????,????????,????,????,????,????,????,????,???????????,???????????,???????????,???????????,???????????,???????????,???????????,???????????,???????????,???????????,??????????????,??????????????,????????,????????,????????,???????????,???????????,???????????,???????????,???????????,??????????????,??????????????,??????????????,??????????????,??????????????,"Option 3, Option 4, Option 8",30-39??,????,?????????????????????
6/27/2024 15:52:11,???,??????????????????,?????,Purino neo,?????????,???????,???????,???????,???,????,????????????? ????????,?????????,???,?????????,?????????,???,???????,?????????,???,Purino Neo ????????????????????????????????????????????????? (?????????????????????),?????????????????? ?????????,????,????,????,????,????,????,????,????????,????,????,????????,????????,????????,????,????????,????,????,????????,????,????,????,????,????????,????,????,????????,??????????????,??????????????,????,????????,????,????,????,????,????,????,????,????????,????,????,????,????????,????????,????,????,????,????,????,????,????,"Option 2, Option 3, Option 6",30-39??,????,??? ????????
6/27/2024 16:02:01,???,??? + ??????,Ragdoll British Scottish Munchkin ,"King cat, Proplan, Projen, Real power, Instinct ",?????????,??????????,?????????,??????????,??????????,????,????????????? ????????,?????????,???????,?????????,?????????,?????????,?????????,?????????,??????????,Buzz Netura,.,???????????,????,????,????,???????????,????????,????????,????????,????,????????,????????,????????,????????,????????,????????,??????????????,??????????????,??????????????,??????????????,??????????????,????,????,????,????,????,????????,????????,????????,????????,????????,??????????????,??????????????,??????????????,??????????????,??????????????,????,????,????,????,????,????????,????????,????????,????????,????????,????,????,????,????,????,"Option 3, Option 4, Option 7",30-39??,????,???????????
6/27/2024 16:02:54,???,???????????????,Scottish fold,???????????????????????????? holistic ???,?????????,???????,????,???????,???????,???????,????????????? ????????,???????,???????,???,???????,?????????,???,???????,???????,?????????????????????????????????????? ?????????????????????? taste of the wild,????????????????? ?????????????????? ,????,????,????,????,????,????,????,????,????,????,????????,????????,????,????,????,????????,????????,????,????,????,????,????,????,????,????,????????,????????,????,????,????,????,????????,????,????,????,????????,????????,????,????,????,????,????,????,????,????,???????????,????,????,????,????,"Option 3, Option 4, Option 7",30-39??,????,???????????
6/27/2024 16:13:08,???,??????????,???,Kingcat,?????????,???,?????????,???,?????????,????,?????????? ????????????? (AI),???,???,?????????,?????????,???,???,???,???,Buzz,???? ,????,????????,????,????,????,????????,????????,????,????????,????????,????,????,????,????????,????,???????????,???????????,???????????,???????????,???????????,????,????,????,????,????,????,????????,????????,????????,????,????????,????????,????????,????,????????,????,????,????,????,????,????????,????,????,????????,????????,???????????,???????????,???????????,???????????,???????????,"Option 2, Option 7, Option 9",40-49??,????,???????????
6/27/2024 16:17:10,???,????????????,??? (??),"you-o gold, king cat, purino neo, buzz, neez, all well",???,???????,?????????,????,?????????,????,????????????? ????????,???????,????,?????????,?????????,???????,??????????,???,???????,whiskas ????????????????????????,???????????????????,????????,??????????????,????,??????????????,????,????????,????,????,??????????????,????,????????,????,????,????,????,????????,????,????,????,????,????,????,????,????,???????????,????,???????????,???????????,????,??????????????,????,????????,????,????,????,????????,????????,????,????,????,????????,????????,????,????,????,??????????????,????,????,????,??????????????,"Option 2, Option 3, Option 8",30-39??,???,?????????????????????
6/27/2024 16:20:07,???,??????????????????????????? ?????????,?????????,Whiskas ,???,???,?????????,???????,???,????,????????????? ????????,???,???,???,???,???????,???????,???,????,Whiskas,,???????????,????????,????,????,???????????,???????????,????????,????,???????????,???????????,????????,????????,????????,????,????????,???????????,????????,????,???????????,???????????,???????????,???????????,???????????,????,???????????,????,????????,????????,????,????,???????????,???????????,????,???????????,????,????????,????????,????????,????,????????,???????????,???????????,???????????,????,???????????,???????????,????????,???????????,???????????,???????????,"Option 3, Option 6, Option 8",30-39??,????,??? ????????
6/27/2024 16:25:56,???,???,??????????,Projen,?????????,???????,???,???????,???????,???????,????????????? ????????,???????,??????????,??????????,?????????,??????????,???????,???????,????,Projen ???????????????????????,,???????????,???????????,??????????????,???????????,??????????????,??????????????,??????????????,??????????????,??????????????,??????????????,??????????????,??????????????,??????????????,??????????????,??????????????,??????????????,??????????????,??????????????,??????????????,??????????????,??????????????,??????????????,??????????????,??????????????,??????????????,??????????????,??????????????,??????????????,??????????????,??????????????,??????????????,??????????????,??????????????,??????????????,??????????????,????,????????,????????,????,????????,???????????,??????????????,??????????????,???????????,???????????,???????????,???????????,???????????,???????????,???????????,"Option 7, Option 8, Option 10",20-29??,????,?????????????????????
6/27/2024 16:34:57,???,??? = ???,?????????????????????????,"Wellnsss core, king cat",?????????,???????,?????????,???????,???????,???????,????????????? ????????,??????????,??????????,???,???,???????,????,???,????,Projen ???????????????????? ??????? ?????????????????????????????????????????????????????????????? ???????????????????????????????,??? AAFCO ??? % ????????? ????? ?????????? ????????????????????????? %,??????????????,??????????????,??????????????,??????????????,??????????????,??????????????,??????????????,??????????????,??????????????,??????????????,??????????????,??????????????,??????????????,??????????????,??????????????,??????????????,??????????????,??????????????,??????????????,??????????????,??????????????,??????????????,??????????????,??????????????,??????????????,????????,????????,????????,????????,????????,??????????????,??????????????,??????????????,??????????????,??????????????,??????????????,??????????????,??????????????,??????????????,??????????????,??????????????,??????????????,??????????????,??????????????,??????????????,????????,????????,????????,????????,????????,"Option 6, Option 9, Option 10",30-39??,????,???????????
6/27/2024 17:16:49,??????,,,,,,,,,,,,,,,,,,,,,,,,,,,,,,,,,,,,,,,,,,,,,,,,,,,,,,,,,,,,,,,,,,,,,,,,,,
6/27/2024 17:21:09,???,????????????????????????????,?????,???????,???,???,???,???,???,????,?????????? ????????????? (AI),???,???,???,???,???,???,???,???,??????,,???????????,????,???????????,???????????,???????????,???????????,????,????,????,???????????,????????,????,????,????,????,????,????,????,????,????,???????????,????,????,????,????,????,????,????,????????,???????????,???????????,????,????,????,???????????,???????????,????,???????????,???????????,???????????,???????????,????,????,????,???????????,????,????????,????,???????????,???????????,"Option 3, Option 6, Option 8",40-49??,????,???????????
6/27/2024 17:24:52,???,??????????????????????? ???????????????????????????,?????????????,King cat,???????,???????,???,???,?????????,???????,?????????? ????????????? (AI),???,???,????,???,???????,????,???,?????????,Kinng Cat / Kativa ????????????????????????????? ??????????? ??????????? ??????????,-,???????????,????,???????????,???????????,????,????????,????,????????,????????,????????,????????,????????,????,????????,????????,??????????????,????,???????????,???????????,???????????,????,????????,????????,????????,???????????,????,????????,???????????,???????????,????????,????,????,????????,???????????,????????,????,????,????,????,????,????,???????????,????????,????????,???????????,????,????,????????,????,????????,"Option 3, Option 6, Option 9",20-29??,????,??? ????????
6/27/2024 17:30:49,???,????????? ????????????,???????? ??? ?????????,Kativa,???????,???????,???????,???????,?????????,???????,????????????? ????????,?????????,???????,?????????,???????,?????????,?????????,?????????,???,King Cat // Kativa,,????,????,????,???????????,???????????,????,????,????,????,???????????,????????,????????,????,????,????????,????????,????????,????,????,????????,????,????,????,????,???????????,????,????,????,????,???????????,????,????,????,????,???????????,????????,????????,????????,????,????????,???????????,???????????,???????????,???????????,???????????,??????????????,??????????????,??????????????,??????????????,??????????????,"Option 3, Option 4, Option 8",30-39??,????,??? ????????
6/27/2024 17:34:01,???,??????????????????????,???????? ?????????????,Felina Canino VIF ,?????????,???,???????,???????,???,????,????????????? ????????,???,???,?????????,???,???,???,???,???????,Felina Canino VIF ??????????????????? ????????,?????,???????????,???????????,???????????,???????????,???????????,??????????????,????????,????,????,????,??????????????,??????????????,??????????????,????????,????????,????????,????????,????,????,????,????????,??????????????,????,????,????,????????,??????????????,????????,????,????,??????????????,??????????????,??????????????,??????????????,??????????????,??????????????,??????????????,????????,????????,????????,??????????????,??????????????,????????,??????????????,??????????????,????,????????,????,????,???????????,"Option 3, Option 7, Option 9",20-29??,?????,?????????????????????
6/27/2024 17:37:26,???,????????????????????,American shorthair / british shorthair,Solid gold,?????????,???,?????????,???,?????????,????,?????????? ???????????,?????????,???,?????????,?????????,???,?????????,?????????,???????,Buzz holistic ?????????????????,,????,????????,????,????,????,????,????,????,????,????,????????,????????,????,????,????????,????,????????,????,????,????,????,????,????,????,????,????,????????,????,????,????,????????,????????,????,????,????????,????????,????????,????????,????,????????,????,????,????,????,????,???????????,????????,???????????,???????????,???????????,"Option 1, Option 2, Option 8",30-39??,????,?????????????????????
6/27/2024 17:44:49,???,?????????????????????????????? ?????????????????,???????????? ????????????????????????????,"You-O, Whiskas",?????????,???,?????????,???,?????????,????,?????????? ????????????? (AI),?????????,?????????,?????????,???????,???????,???????,?????????,?????????,Firskies ??????????????????????????????,?????,??????????????,??????????????,????????,????????,????,??????????????,??????????????,????,????????,????,??????????????,??????????????,??????????????,??????????????,??????????????,??????????????,??????????????,??????????????,??????????????,??????????????,????????,????????,????,????,????,????,????,????,????,????,????????,????????,????????,????,????,????????,????????,????,???????????,????,????,????,????,????,????,????,????,????,????,????,"Option 1, Option 3, Option 4",30-39??,????,??? ????????
6/27/2024 20:30:53,???,???????????????????,???,Monchou,?????????,??????????,?????????,??????????,??????????,????,????????????? ????????,?????????,??????????,?????????,?????????,?????????,??????????,?????????,??????????,??????? ????????????????????,????????????????????????????????????????? ??????????????? ?????????????????????? ?????????????????????????????????????,????,????,????,????,????,????,????,????,????,????,????????,????????,????????,????,????????,????,????,????,????,????,????,????,????,????,????,????,????????,????,????????,????,????,????????,????????,????????,????,????,????,????,????,????,????,????,????,????,????,????,????,????,????,????,"Option 1, Option 3, Option 7",20-29??,???,??? ????????
6/27/2024 21:48:55,???,???????????????,???,King cat,?????????,????,?????????,???????,?????????,????,?????????? ????????????? (AI),?????????,???,???????,?????????,?????????,???,???,???,King cat ?????????????????????? ????? ??????????????????????????,???????????????????????? ???????????????????,????,????????,???????????,????????,????,???????????,????,????????,???????????,???????????,????????,????????,????????,????????,????,????,????????,????,????????,???????????,???????????,????,????,????,???????????,????????,??????????????,????????,????????,????????,???????????,??????????????,???????????,????,????,????????,??????????????,????????,????????,????????,????,????,???????????,???????????,???????????,???????????,???????????,????,???????????,???????????,"Option 1, Option 6, Option 8",40-49??,???,?????????????????????
6/28/2024 0:32:50,???,???,??????????? + ????????????????????,???????? friskies,?????????,???,???,???????,???,???????,?????????? ????????????? (AI),???????,???????,???????,?????????,???,???????,???,?????????,???????? friskies // ???????????????,?????????????????????? ,????????,????????,????,????,????,????????,????????,????,????,????,????????,????????,????????,????????,????????,????????,????????,????,????,????,????,????,????,????,????,???????????,????????,????,????,????,????,????????,????,????,????,????,????,????,????,????,????,????,????,????,????,????,????,????,????,????,"Option 2, Option 3, Option 4",20-29??,????,?????????????????????
6/28/2024 9:32:59,???,?????????????????????,????????,??????????,???????,???????,???,???????,???,???????,????????????? ????????,???????,????,?????????,???????,???????,???????,???,???,?????? ?????????????????????? ci ???????????????? ?????????????????? ???????????????? ?????????????????????,???????????????????????? ?????????????????????,???????????,???????????,???????????,???????????,???????????,????,????,????,????,????,????,????,????,????,????????,????,????????,????,????,????????,????????,????,????????,????????,????,????,????,????,????,????,????,????,????,????,????,????,????,????,????,????,????,????,????,????????,????,????,????????,????,????,????,"Option 3, Option 5, Option 9",20-29??,????,?????????????????????
6/28/2024 10:30:32,???,???????,????????????,???????????,?????????,???????,?????????,???????,???????,???????,?????????? ????????????? (AI),???????,???????,???????,???????,?????????,???????,???,???,?????????????,-,??????????????,??????????????,??????????????,??????????????,??????????????,??????????????,??????????????,??????????????,??????????????,??????????????,??????????????,??????????????,??????????????,??????????????,??????????????,??????????????,??????????????,??????????????,??????????????,??????????????,????,????,????,????,????,????,????,????,????,????,????,????,????,????,????,????,????,????,????,????,????,????,????,????,????,????,????,????,????,????,"Option 1, Option 2, Option 3",40-49??,????,??? ????????
6/28/2024 11:12:40,???,?????????????,?????????,Perfecta,?????????,????,???????,??????????,???????,???????,?????????? ????????????? (AI),?????????,???????,?????????,?????????,???,?????????,?????????,???,king cat ?????????????,???????????,???????????,????????,??????????????,??????????????,??????????????,???????????,????????,??????????????,???????????,??????????????,???????????,??????????????,????,????,????,???????????,??????????????,????,????,????,??????????????,????????,???????????,???????????,??????????????,????,????????,????,????,????,???????????,??????????????,??????????????,???????????,??????????????,????,??????????????,????,????,????,???????????,??????????????,???????????,???????????,??????????????,????,????????,????????,????,????,"Option 3, Option 6, Option 10",30-39??,????,???????????
6/28/2024 11:20:13,???,?????????????,???????????,???????,?????????,???????,?????????,???????,???,???????,?????????? ????????????? (AI),???????,???,???????,????,???????,????,???,???????,"???????? , ?????????",????????????????????????????,????????,????????,????????,????????,????????,????,????????,????,???????????,???????????,????,????,????,???????????,???????????,????,????,????,???????????,???????????,???????????,???????????,???????????,???????????,???????????,????,????,????,????,???????????,????,????,????,????,???????????,????????,????????,????,????,????,????,????,???????????,???????????,???????????,????????,??????????????,????????,????????,????????,"Option 1, Option 8, Option 10",50?? ??????,????,??? ????????
6/28/2024 11:28:50,???,???????????????????????????,"????????, ???????????",Kativa,?????????,???????,?????????,????,???????,????,?????????? ????????????? (AI),???,???,?????????,?????????,???,???,?????????,???,King Cat,??????????????/ ????????????????????????????????????? /?????????????????????????????? ?????????,???????????,???????????,??????????????,??????????????,??????????????,????,????,???????????,???????????,???????????,????,????????,????,????,???????????,????,????,????,????,????,????,????,????,????,????,???????????,???????????,???????????,???????????,???????????,????,????,????,????,????,????,????,????,????,????,????????,????????,????,????,???????????,????,??????????????,????????,????,???????????,"Option 3, Option 5, Option 9",40-49??,????,???????????
6/28/2024 11:52:36,???,?????????????????,?????? (?????),Wishkas,???,???????,???,???????,???????,????,?????????? ????????????? (AI),???,???,?????????,?????????,???,?????????,?????????,???????,Wishkas ????????,??????????,????????,????????,????????,????????,????????,????????,????????,????????,????????,????????,????????,????????,????????,????????,????????,????????,????????,????????,????????,????????,????????,????????,????????,????????,????????,????????,????????,????????,????????,????????,????????,????????,????????,????????,????????,????????,????????,????????,????????,????????,????????,????????,????????,????????,????????,????,????????,????????,????????,????????,"Option 1, Option 2, Option 6",40-49??,???,???????????
6/28/2024 11:58:25,???,???????????????????????? ????????????????? ,????????? ?????????+???,Kativa,?????????,????,???????,????,???,????,????????????? ????????,???????,???????,???????,???,???????,???????,???,???????,Kativa ??????????????,???????????????????????????????????????? 10 ?????????????????????????????,????,????,????,???????????,????,????????,????,????,????,????????,????????,????,????,????,????????,????,????????,????,????,????,????????,????????,????,????,????????,????,????????,????,????,????,????,????,????,????,????,????,????,????,????,????,????,????,????,????,????,????,????,????,????,????,"Option 2, Option 3, Option 5",40-49??,????,??? ????????
6/28/2024 12:32:49,???,??????????????,?????????,Will,???,???,???,???,???,????,????????????? ????????,???,???,?????????,?????????,???,?????????,?????????,???,??????,,????,????,????,????,????,????????,????,????,????????,????????,????????,????????,????,????????,????,???????????,???????????,???????????,???????????,???????????,????,???????????,???????????,????,???????????,????,????,????,????,????,????,????,????,????,????,???????????,???????????,???????????,???????????,???????????,????,????,????,????,????,???????????,????,???????????,???????????,???????????,"Option 1, Option 2, Option 3",20-29??,???,???????????
6/28/2024 13:45:31,???,?????????????????????? ??????? ?????????????,?????????????????,??????,???,???????,???????,???????,???,????,????????????? ????????,???????,???????,???????,???,?????????,?????????,?????????,???????,?????? ???????????????????????,???????,????,????,????,????,????,????,????,????,????,????,????,????????,????,????,????????,????,????,????,????,????,????,????,????,????,????,????,????,????,????,????,????,????,????,????,????,????,????,????,????,????,????,????,????,????,????,????,????,????,????,????,"Option 3, Option 6, Option 8",50?? ??????,???,???????????
6/28/2024 15:42:38,???,????,???????,You-O,???????,???????,???????,???????,???????,???????,????????????? ????????,???????,???????,???????,???????,???????,???????,???????,???????,???????????????????????,??????????????,????????,????????,????,????,????????,????????,????????,????????,????,????????,????????,????????,????,????,????,????,????,????,????,????,????????,????????,????????,????????,????????,????????,????,????,????,????????,????,????,????,????,????,????????,????????,????,????,????????,????,????,????,????,????,????,????,????,????,????,"Option 1, Option 2, Option 5",50?? ??????,????,???????????
6/28/2024 16:14:18,??????,,,,,,,,,,,,,,,,,,,,,,,,,,,,,,,,,,,,,,,,,,,,,,,,,,,,,,,,,,,,,,,,,,,,,,,,,,
6/28/2024 16:25:11,???,???????????,???,YouO,?????????,?????????,?????????,?????????,???,????,????????????? ????????,?????????,?????????,?????????,?????????,?????????,?????????,?????????,?????????,YouO,,????,????,????,????,????,????????,????????,????????,????????,????????,??????????????,??????????????,??????????????,??????????????,??????????????,????????,????????,????????,????????,????????,????????,????????,????????,????????,????????,??????????????,??????????????,??????????????,??????????????,??????????????,??????????????,??????????????,??????????????,??????????????,??????????????,????????,????????,????????,????????,????????,????,????,????,????,????,????,????,????,????,????,"Option 3, Option 4, Option 6",50?? ??????,????,??? ????????
6/28/2024 16:47:14,???,"?????? , ????????????????????????",?????? ???????,???????,?????????,???????,???????,???????,???????,????,????????????? ????????,???????,???????,???????,???????,???????,???????,???????,???????,??? ????????,?????,????????,????????,????????,????,????????,????????,????????,????????,????????,????????,????????,????????,????????,????????,????????,????????,????????,????????,????????,????????,????????,????????,????????,????????,????????,????????,????????,????????,????????,????????,????????,????????,????????,????????,????????,????????,????????,????????,????????,????????,????????,????????,????????,????????,????????,????????,????????,????????,????????,????????,"Option 2, Option 3, Option 6",50?? ??????,???,???????????
6/28/2024 16:53:17,???,?????????? ????????????????,Scottish ???????,king cat.???? purino,?????????,???????,???,???????,?????????,????,????????????? ????????,???????,???????,???????,?????????,?????????,???,???,???????,Wills. ??????????????????????????????????????,?????????????? ?????????,????????,????????,????,????,????,????,????,????,????,????,????????,????????,????????,????????,????????,????,????,????,????,????,???????????,???????????,???????????,???????????,???????????,???????????,???????????,???????????,???????????,???????????,???????????,???????????,???????????,???????????,???????????,????????,????,????????,????????,????????,???????????,???????????,???????????,???????????,??????????????,??????????????,??????????????,??????????????,??????????????,??????????????,"Option 1, Option 3, Option 8",50?? ??????,????,???????????
6/28/2024 23:36:18,???,??????,??????,??????,???,???????,???????,????,????,???????,????????????? ????????,???????,???,???,???????,???????,???????,???????,???,-,?????????????????????,????????,????,????????,????????,????,????????,????????,????,????????,????????,??????????????,??????????????,????????,??????????????,????????,????,???????????,???????????,???????????,???????????,???????????,???????????,???????????,???????????,???????????,????,????????,????????,????,????,????,????,????,????,????,????,???????????,???????????,???????????,???????????,???????????,???????????,???????????,???????????,????,????,????,????,????,????,"Option 2, Option 3, Option 6",40-49??,???,?????????????????????
6/30/2024 19:23:39,???,????????????????? ???????????????????,???-??,?????? ??????,?????????,???,?????????,???????,???,????,????????????? ????????,???,?????????,?????????,?????????,?????????,???????,???????,?????????,??????  ??????? ???????? ????????,?????????????????“???“,??????????????,??????????????,??????????????,??????????????,??????????????,????,????,???????????,???????????,???????????,????????,??????????????,????,??????????????,??????????????,????????,????????,????????,????????,????????,???????????,???????????,???????????,???????????,???????????,??????????????,??????????????,??????????????,??????????????,??????????????,????,????,????,????,????,????????,????????,????????,????????,????????,???????????,???????????,???????????,???????????,???????????,????????,????????,????????,????????,????????,"Option 1, Option 3, Option 4",50?? ??????,????,???????????
7/1/2024 5:34:50,???,?????????????,?????????,????,???????,???????,???,???????,???????,???????,?????????? ????????????? (AI),???,???,???,???,???,???,???,???,????,,????,????,????,????,????,????????,????????,????,????????,????????,????????,????????,????????,????????,????????,????????,????????,????????,????????,????????,????????,????????,????????,????????,????????,????????,????????,????????,????????,????????,????????,????????,????????,????????,????????,????????,????????,????????,????????,????????,????????,????????,????????,????????,????????,????,????,????,????,????,"Option 1, Option 5, Option 7",50?? ??????,????,???????????
7/12/2024 0:40:39,???,?????????,????????? ????????????,Pramy,???,???????,?????????,????,???????,????,????????????? ????????,???????,???????,???,???,???,???????,?????????,???????,????????? ??????,???????,????,????,????,????,????????,????,????,????,????,????,????,????,????,????,????,????,????,????,????,????,????????,????????,????,????????,????????,????????,??????????????,????,????,????,????????,????????,????,????,????,??????????????,??????????????,??????????????,??????????????,??????????????,????????,????????,????????,????????,????????,????,????,???????????,???????????,???????????,"Option 1, Option 5, Option 6",30-39??,????,??? ????????
,,,,,,,,,,,,,,,,,,,,,,,,,,,,,,,,,,,,,,,,,,,,,,,,,,,,,,,,,,,,,,,,,,,,,,,,,,,
,,,,,,,,,,,,,,,,,,,,,,,,,,,,,,,,,,,,,,,,,,,,,,,,,,,,,,,,,,,,,,,,,,,,,,,,,,,
,,,,,,,,,,,,,,,,,,,,,,,,,,,,,,,,,,,,,,,,,,,,,,,,,,,,,,,,,,,,,,,,,,,,,,,,,,,
,,,,,,,,,,,,,,,,,,,,,,,,,,,,,,,,,,,,,,,,,,,,,,,,,,,,,,,,,,,,,,,,,,,,,,,,,,,
,,,,,,,,,,,,,,,,,,,,,,,,,,,,,,,,,,,,,,,,,,,,,,,,,,,,,,,,,,,,,,,,,,,,,,,,,,,
,,,,,,,,,,,,,,,,,,,,,,,,,,,,,,,,,,,,,,,,,,,,,,,,,,,,,,,,,,,,,,,,,,,,,,,,,,,
,,,,,,,,,,,,,,,,,,,,,,,,,,,,,,,,,,,,,,,,,,,,,,,,,,,,,,,,,,,,,,,,,,,,,,,,,,,
,,,,,,,,,,,,,,,,,,,,,,,,,,,,,,,,,,,,,,,,,,,,,,,,,,,,,,,,,,,,,,,,,,,,,,,,,,,
,,,,,,,,,,,,,,,,,,,,,,,,,,,,,,,,,,,,,,,,,,,,,,,,,,,,,,,,,,,,,,,,,,,,,,,,,,,
,,,,,,,,,,,,,,,,,,,,,,,,,,,,,,,,,,,,,,,,,,,,,,,,,,,,,,,,,,,,,,,,,,,,,,,,,,,
,,,,,,,,,,,,,,,,,,,,,,,,,,,,,,,,,,,,,,,,,,,,,,,,,,,,,,,,,,,,,,,,,,,,,,,,,,,
,,,,,,,,,,,,,,,,,,,,,,,,,,,,,,,,,,,,,,,,,,,,,,,,,,,,,,,,,,,,,,,,,,,,,,,,,,,
,,,,,,,,,,,,,,,,,,,,,,,,,,,,,,,,,,,,,,,,,,,,,,,,,,,,,,,,,,,,,,,,,,,,,,,,,,,
,,,,,,,,,,,,,,,,,,,,,,,,,,,,,,,,,,,,,,,,,,,,,,,,,,,,,,,,,,,,,,,,,,,,,,,,,,,
,,,,,,,,,,,,,,,,,,,,,,,,,,,,,,,,,,,,,,,,,,,,,,,,,,,,,,,,,,,,,,,,,,,,,,,,,,,
,,,,,,,,,,,,,,,,,,,,,,,,,,,,,,,,,,,,,,,,,,,,,,,,,,,,,,,,,,,,,,,,,,,,,,,,,,,
,,,,,,,,,,,,,,,,,,,,,,,,,,,,,,,,,,,,,,,,,,,,,,,,,,,,,,,,,,,,,,,,,,,,,,,,,,,
,,,,,,,,,,,,,,,,,,,,,,,,,,,,,,,,,,,,,,,,,,,,,,,,,,,,,,,,,,,,,,,,,,,,,,,,,,,
,,,,,,,,,,,,,,,,,,,,,,,,,,,,,,,,,,,,,,,,,,,,,,,,,,,,,,,,,,,,,,,,,,,,,,,,,,,
,,,,,,,,,,,,,,,,,,,,,,,,,,,,,,,,,,,,,,,,,,,,,,,,,,,,,,,,,,,,,,,,,,,,,,,,,,,
,,,,,,,,,,,,,,,,,,,,,,,,,,,,,,,,,,,,,,,,,,,,,,,,,,,,,,,,,,,,,,,,,,,,,,,,,,,
,,,,,,,,,,,,,,,,,,,,,,,,,,,,,,,,,,,,,,,,,,,,,,,,,,,,,,,,,,,,,,,,,,,,,,,,,,,
,,,,,,,,,,,,,,,,,,,,,,,,,,,,,,,,,,,,,,,,,,,,,,,,,,,,,,,,,,,,,,,,,,,,,,,,,,,
,,,,,,,,,,,,,,,,,,,,,,,,,,,,,,,,,,,,,,,,,,,,,,,,,,,,,,,,,,,,,,,,,,,,,,,,,,,
,,,,,,,,,,,,,,,,,,,,,,,,,,,,,,,,,,,,,,,,,,,,,,,,,,,,,,,,,,,,,,,,,,,,,,,,,,,
,,,,,,,,,,,,,,,,,,,,,,,,,,,,,,,,,,,,,,,,,,,,,,,,,,,,,,,,,,,,,,,,,,,,,,,,,,,
,,,,,,,,,,,,,,,,,,,,,,,,,,,,,,,,,,,,,,,,,,,,,,,,,,,,,,,,,,,,,,,,,,,,,,,,,,,
,,,,,,,,,,,,,,,,,,,,,,,,,,,,,,,,,,,,,,,,,,,,,,,,,,,,,,,,,,,,,,,,,,,,,,,,,,,
,,,,,,,,,,,,,,,,,,,,,,,,,,,,,,,,,,,,,,,,,,,,,,,,,,,,,,,,,,,,,,,,,,,,,,,,,,,
,,,,,,,,,,,,,,,,,,,,,,,,,,,,,,,,,,,,,,,,,,,,,,,,,,,,,,,,,,,,,,,,,,,,,,,,,,,
,,,,,,,,,,,,,,,,,,,,,,,,,,,,,,,,,,,,,,,,,,,,,,,,,,,,,,,,,,,,,,,,,,,,,,,,,,,
,,,,,,,,,,,,,,,,,,,,,,,,,,,,,,,,,,,,,,,,,,,,,,,,,,,,,,,,,,,,,,,,,,,,,,,,,,,
,,,,,,,,,,,,,,,,,,,,,,,,,,,,,,,,,,,,,,,,,,,,,,,,,,,,,,,,,,,,,,,,,,,,,,,,,,,
,,,,,,,,,,,,,,,,,,,,,,,,,,,,,,,,,,,,,,,,,,,,,,,,,,,,,,,,,,,,,,,,,,,,,,,,,,,
,,,,,,,,,,,,,,,,,,,,,,,,,,,,,,,,,,,,,,,,,,,,,,,,,,,,,,,,,,,,,,,,,,,,,,,,,,,
,,,,,,,,,,,,,,,,,,,,,,,,,,,,,,,,,,,,,,,,,,,,,,,,,,,,,,,,,,,,,,,,,,,,,,,,,,,
,,,,,,,,,,,,,,,,,,,,,,,,,,,,,,,,,,,,,,,,,,,,,,,,,,,,,,,,,,,,,,,,,,,,,,,,,,,
,,,,,,,,,,,,,,,,,,,,,,,,,,,,,,,,,,,,,,,,,,,,,,,,,,,,,,,,,,,,,,,,,,,,,,,,,,,
,,,,,,,,,,,,,,,,,,,,,,,,,,,,,,,,,,,,,,,,,,,,,,,,,,,,,,,,,,,,,,,,,,,,,,,,,,,
,,,,,,,,,,,,,,,,,,,,,,,,,,,,,,,,,,,,,,,,,,,,,,,,,,,,,,,,,,,,,,,,,,,,,,,,,,,
,,,,,,,,,,,,,,,,,,,,,,,,,,,,,,,,,,,,,,,,,,,,,,,,,,,,,,,,,,,,,,,,,,,,,,,,,,,
,,,,,,,,,,,,,,,,,,,,,,,,,,,,,,,,,,,,,,,,,,,,,,,,,,,,,,,,,,,,,,,,,,,,,,,,,,,
,,,,,,,,,,,,,,,,,,,,,,,,,,,,,,,,,,,,,,,,,,,,,,,,,,,,,,,,,,,,,,,,,,,,,,,,,,,
,,,,,,,,,,,,,,,,,,,,,,,,,,,,,,,,,,,,,,,,,,,,,,,,,,,,,,,,,,,,,,,,,,,,,,,,,,,
,,,,,,,,,,,,,,,,,,,,,,,,,,,,,,,,,,,,,,,,,,,,,,,,,,,,,,,,,,,,,,,,,,,,,,,,,,,
,,,,,,,,,,,,,,,,,,,,,,,,,,,,,,,,,,,,,,,,,,,,,,,,,,,,,,,,,,,,,,,,,,,,,,,,,,,
,,,,,,,,,,,,,,,,,,,,,,,,,,,,,,,,,,,,,,,,,,,,,,,,,,,,,,,,,,,,,,,,,,,,,,,,,,,
,,,,,,,,,,,,,,,,,,,,,,,,,,,,,,,,,,,,,,,,,,,,,,,,,,,,,,,,,,,,,,,,,,,,,,,,,,,
,,,,,,,,,,,,,,,,,,,,,,,,,,,,,,,,,,,,,,,,,,,,,,,,,,,,,,,,,,,,,,,,,,,,,,,,,,,
,,,,,,,,,,,,,,,,,,,,,,,,,,,,,,,,,,,,,,,,,,,,,,,,,,,,,,,,,,,,,,,,,,,,,,,,,,,
,,,,,,,,,,,,,,,,,,,,,,,,,,,,,,,,,,,,,,,,,,,,,,,,,,,,,,,,,,,,,,,,,,,,,,,,,,,
,,,,,,,,,,,,,,,,,,,,,,,,,,,,,,,,,,,,,,,,,,,,,,,,,,,,,,,,,,,,,,,,,,,,,,,,,,,
,,,,,,,,,,,,,,,,,,,,,,,,,,,,,,,,,,,,,,,,,,,,,,,,,,,,,,,,,,,,,,,,,,,,,,,,,,,
,,,,,,,,,,,,,,,,,,,,,,,,,,,,,,,,,,,,,,,,,,,,,,,,,,,,,,,,,,,,,,,,,,,,,,,,,,,
,,,,,,,,,,,,,,,,,,,,,,,,,,,,,,,,,,,,,,,,,,,,,,,,,,,,,,,,,,,,,,,,,,,,,,,,,,,
,,,,,,,,,,,,,,,,,,,,,,,,,,,,,,,,,,,,,,,,,,,,,,,,,,,,,,,,,,,,,,,,,,,,,,,,,,,
,,,,,,,,,,,,,,,,,,,,,,,,,,,,,,,,,,,,,,,,,,,,,,,,,,,,,,,,,,,,,,,,,,,,,,,,,,,
,,,,,,,,,,,,,,,,,,,,,,,,,,,,,,,,,,,,,,,,,,,,,,,,,,,,,,,,,,,,,,,,,,,,,,,,,,,
,,,,,,,,,,,,,,,,,,,,,,,,,,,,,,,,,,,,,,,,,,,,,,,,,,,,,,,,,,,,,,,,,,,,,,,,,,,
,,,,,,,,,,,,,,,,,,,,,,,,,,,,,,,,,,,,,,,,,,,,,,,,,,,,,,,,,,,,,,,,,,,,,,,,,,,
,,,,,,,,,,,,,,,,,,,,,,,,,,,,,,,,,,,,,,,,,,,,,,,,,,,,,,,,,,,,,,,,,,,,,,,,,,,
,,,,,,,,,,,,,,,,,,,,,,,,,,,,,,,,,,,,,,,,,,,,,,,,,,,,,,,,,,,,,,,,,,,,,,,,,,,
,,,,,,,,,,,,,,,,,,,,,,,,,,,,,,,,,,,,,,,,,,,,,,,,,,,,,,,,,,,,,,,,,,,,,,,,,,,
,,,,,,,,,,,,,,,,,,,,,,,,,,,,,,,,,,,,,,,,,,,,,,,,,,,,,,,,,,,,,,,,,,,,,,,,,,,
,,,,,,,,,,,,,,,,,,,,,,,,,,,,,,,,,,,,,,,,,,,,,,,,,,,,,,,,,,,,,,,,,,,,,,,,,,,
,,,,,,,,,,,,,,,,,,,,,,,,,,,,,,,,,,,,,,,,,,,,,,,,,,,,,,,,,,,,,,,,,,,,,,,,,,,
,,,,,,,,,,,,,,,,,,,,,,,,,,,,,,,,,,,,,,,,,,,,,,,,,,,,,,,,,,,,,,,,,,,,,,,,,,,
,,,,,,,,,,,,,,,,,,,,,,,,,,,,,,,,,,,,,,,,,,,,,,,,,,,,,,,,,,,,,,,,,,,,,,,,,,,
,,,,,,,,,,,,,,,,,,,,,,,,,,,,,,,,,,,,,,,,,,,,,,,,,,,,,,,,,,,,,,,,,,,,,,,,,,,
,,,,,,,,,,,,,,,,,,,,,,,,,,,,,,,,,,,,,,,,,,,,,,,,,,,,,,,,,,,,,,,,,,,,,,,,,,,
,,,,,,,,,,,,,,,,,,,,,,,,,,,,,,,,,,,,,,,,,,,,,,,,,,,,,,,,,,,,,,,,,,,,,,,,,,,
,,,,,,,,,,,,,,,,,,,,,,,,,,,,,,,,,,,,,,,,,,,,,,,,,,,,,,,,,,,,,,,,,,,,,,,,,,,
,,,,,,,,,,,,,,,,,,,,,,,,,,,,,,,,,,,,,,,,,,,,,,,,,,,,,,,,,,,,,,,,,,,,,,,,,,,
,,,,,,,,,,,,,,,,,,,,,,,,,,,,,,,,,,,,,,,,,,,,,,,,,,,,,,,,,,,,,,,,,,,,,,,,,,,
,,,,,,,,,,,,,,,,,,,,,,,,,,,,,,,,,,,,,,,,,,,,,,,,,,,,,,,,,,,,,,,,,,,,,,,,,,,
,,,,,,,,,,,,,,,,,,,,,,,,,,,,,,,,,,,,,,,,,,,,,,,,,,,,,,,,,,,,,,,,,,,,,,,,,,,
,,,,,,,,,,,,,,,,,,,,,,,,,,,,,,,,,,,,,,,,,,,,,,,,,,,,,,,,,,,,,,,,,,,,,,,,,,,
,,,,,,,,,,,,,,,,,,,,,,,,,,,,,,,,,,,,,,,,,,,,,,,,,,,,,,,,,,,,,,,,,,,,,,,,,,,
,,,,,,,,,,,,,,,,,,,,,,,,,,,,,,,,,,,,,,,,,,,,,,,,,,,,,,,,,,,,,,,,,,,,,,,,,,,
,,,,,,,,,,,,,,,,,,,,,,,,,,,,,,,,,,,,,,,,,,,,,,,,,,,,,,,,,,,,,,,,,,,,,,,,,,,
,,,,,,,,,,,,,,,,,,,,,,,,,,,,,,,,,,,,,,,,,,,,,,,,,,,,,,,,,,,,,,,,,,,,,,,,,,,
,,,,,,,,,,,,,,,,,,,,,,,,,,,,,,,,,,,,,,,,,,,,,,,,,,,,,,,,,,,,,,,,,,,,,,,,,,,
,,,,,,,,,,,,,,,,,,,,,,,,,,,,,,,,,,,,,,,,,,,,,,,,,,,,,,,,,,,,,,,,,,,,,,,,,,,
,,,,,,,,,,,,,,,,,,,,,,,,,,,,,,,,,,,,,,,,,,,,,,,,,,,,,,,,,,,,,,,,,,,,,,,,,,,
,,,,,,,,,,,,,,,,,,,,,,,,,,,,,,,,,,,,,,,,,,,,,,,,,,,,,,,,,,,,,,,,,,,,,,,,,,,
,,,,,,,,,,,,,,,,,,,,,,,,,,,,,,,,,,,,,,,,,,,,,,,,,,,,,,,,,,,,,,,,,,,,,,,,,,,
,,,,,,,,,,,,,,,,,,,,,,,,,,,,,,,,,,,,,,,,,,,,,,,,,,,,,,,,,,,,,,,,,,,,,,,,,,,
,,,,,,,,,,,,,,,,,,,,,,,,,,,,,,,,,,,,,,,,,,,,,,,,,,,,,,,,,,,,,,,,,,,,,,,,,,,
,,,,,,,,,,,,,,,,,,,,,,,,,,,,,,,,,,,,,,,,,,,,,,,,,,,,,,,,,,,,,,,,,,,,,,,,,,,
,,,,,,,,,,,,,,,,,,,,,,,,,,,,,,,,,,,,,,,,,,,,,,,,,,,,,,,,,,,,,,,,,,,,,,,,,,,
,,,,,,,,,,,,,,,,,,,,,,,,,,,,,,,,,,,,,,,,,,,,,,,,,,,,,,,,,,,,,,,,,,,,,,,,,,,
,,,,,,,,,,,,,,,,,,,,,,,,,,,,,,,,,,,,,,,,,,,,,,,,,,,,,,,,,,,,,,,,,,,,,,,,,,,
,,,,,,,,,,,,,,,,,,,,,,,,,,,,,,,,,,,,,,,,,,,,,,,,,,,,,,,,,,,,,,,,,,,,,,,,,,,
,,,,,,,,,,,,,,,,,,,,,,,,,,,,,,,,,,,,,,,,,,,,,,,,,,,,,,,,,,,,,,,,,,,,,,,,,,,
,,,,,,,,,,,,,,,,,,,,,,,,,,,,,,,,,,,,,,,,,,,,,,,,,,,,,,,,,,,,,,,,,,,,,,,,,,,
,,,,,,,,,,,,,,,,,,,,,,,,,,,,,,,,,,,,,,,,,,,,,,,,,,,,,,,,,,,,,,,,,,,,,,,,,,,
,,,,,,,,,,,,,,,,,,,,,,,,,,,,,,,,,,,,,,,,,,,,,,,,,,,,,,,,,,,,,,,,,,,,,,,,,,,
,,,,,,,,,,,,,,,,,,,,,,,,,,,,,,,,,,,,,,,,,,,,,,,,,,,,,,,,,,,,,,,,,,,,,,,,,,,
,,,,,,,,,,,,,,,,,,,,,,,,,,,,,,,,,,,,,,,,,,,,,,,,,,,,,,,,,,,,,,,,,,,,,,,,,,,
,,,,,,,,,,,,,,,,,,,,,,,,,,,,,,,,,,,,,,,,,,,,,,,,,,,,,,,,,,,,,,,,,,,,,,,,,,,
,,,,,,,,,,,,,,,,,,,,,,,,,,,,,,,,,,,,,,,,,,,,,,,,,,,,,,,,,,,,,,,,,,,,,,,,,,,
,,,,,,,,,,,,,,,,,,,,,,,,,,,,,,,,,,,,,,,,,,,,,,,,,,,,,,,,,,,,,,,,,,,,,,,,,,,
,,,,,,,,,,,,,,,,,,,,,,,,,,,,,,,,,,,,,,,,,,,,,,,,,,,,,,,,,,,,,,,,,,,,,,,,,,,
,,,,,,,,,,,,,,,,,,,,,,,,,,,,,,,,,,,,,,,,,,,,,,,,,,,,,,,,,,,,,,,,,,,,,,,,,,,
,,,,,,,,,,,,,,,,,,,,,,,,,,,,,,,,,,,,,,,,,,,,,,,,,,,,,,,,,,,,,,,,,,,,,,,,,,,
,,,,,,,,,,,,,,,,,,,,,,,,,,,,,,,,,,,,,,,,,,,,,,,,,,,,,,,,,,,,,,,,,,,,,,,,,,,
,,,,,,,,,,,,,,,,,,,,,,,,,,,,,,,,,,,,,,,,,,,,,,,,,,,,,,,,,,,,,,,,,,,,,,,,,,,
,,,,,,,,,,,,,,,,,,,,,,,,,,,,,,,,,,,,,,,,,,,,,,,,,,,,,,,,,,,,,,,,,,,,,,,,,,,
,,,,,,,,,,,,,,,,,,,,,,,,,,,,,,,,,,,,,,,,,,,,,,,,,,,,,,,,,,,,,,,,,,,,,,,,,,,
,,,,,,,,,,,,,,,,,,,,,,,,,,,,,,,,,,,,,,,,,,,,,,,,,,,,,,,,,,,,,,,,,,,,,,,,,,,
,,,,,,,,,,,,,,,,,,,,,,,,,,,,,,,,,,,,,,,,,,,,,,,,,,,,,,,,,,,,,,,,,,,,,,,,,,,
,,,,,,,,,,,,,,,,,,,,,,,,,,,,,,,,,,,,,,,,,,,,,,,,,,,,,,,,,,,,,,,,,,,,,,,,,,,
,,,,,,,,,,,,,,,,,,,,,,,,,,,,,,,,,,,,,,,,,,,,,,,,,,,,,,,,,,,,,,,,,,,,,,,,,,,
,,,,,,,,,,,,,,,,,,,,,,,,,,,,,,,,,,,,,,,,,,,,,,,,,,,,,,,,,,,,,,,,,,,,,,,,,,,
,,,,,,,,,,,,,,,,,,,,,,,,,,,,,,,,,,,,,,,,,,,,,,,,,,,,,,,,,,,,,,,,,,,,,,,,,,,
,,,,,,,,,,,,,,,,,,,,,,,,,,,,,,,,,,,,,,,,,,,,,,,,,,,,,,,,,,,,,,,,,,,,,,,,,,,
,,,,,,,,,,,,,,,,,,,,,,,,,,,,,,,,,,,,,,,,,,,,,,,,,,,,,,,,,,,,,,,,,,,,,,,,,,,
,,,,,,,,,,,,,,,,,,,,,,,,,,,,,,,,,,,,,,,,,,,,,,,,,,,,,,,,,,,,,,,,,,,,,,,,,,,
,,,,,,,,,,,,,,,,,,,,,,,,,,,,,,,,,,,,,,,,,,,,,,,,,,,,,,,,,,,,,,,,,,,,,,,,,,,
,,,,,,,,,,,,,,,,,,,,,,,,,,,,,,,,,,,,,,,,,,,,,,,,,,,,,,,,,,,,,,,,,,,,,,,,,,,
,,,,,,,,,,,,,,,,,,,,,,,,,,,,,,,,,,,,,,,,,,,,,,,,,,,,,,,,,,,,,,,,,,,,,,,,,,,
,,,,,,,,,,,,,,,,,,,,,,,,,,,,,,,,,,,,,,,,,,,,,,,,,,,,,,,,,,,,,,,,,,,,,,,,,,,
,,,,,,,,,,,,,,,,,,,,,,,,,,,,,,,,,,,,,,,,,,,,,,,,,,,,,,,,,,,,,,,,,,,,,,,,,,,
,,,,,,,,,,,,,,,,,,,,,,,,,,,,,,,,,,,,,,,,,,,,,,,,,,,,,,,,,,,,,,,,,,,,,,,,,,,
,,,,,,,,,,,,,,,,,,,,,,,,,,,,,,,,,,,,,,,,,,,,,,,,,,,,,,,,,,,,,,,,,,,,,,,,,,,
,,,,,,,,,,,,,,,,,,,,,,,,,,,,,,,,,,,,,,,,,,,,,,,,,,,,,,,,,,,,,,,,,,,,,,,,,,,
,,,,,,,,,,,,,,,,,,,,,,,,,,,,,,,,,,,,,,,,,,,,,,,,,,,,,,,,,,,,,,,,,,,,,,,,,,,
,,,,,,,,,,,,,,,,,,,,,,,,,,,,,,,,,,,,,,,,,,,,,,,,,,,,,,,,,,,,,,,,,,,,,,,,,,,
,,,,,,,,,,,,,,,,,,,,,,,,,,,,,,,,,,,,,,,,,,,,,,,,,,,,,,,,,,,,,,,,,,,,,,,,,,,
,,,,,,,,,,,,,,,,,,,,,,,,,,,,,,,,,,,,,,,,,,,,,,,,,,,,,,,,,,,,,,,,,,,,,,,,,,,
,,,,,,,,,,,,,,,,,,,,,,,,,,,,,,,,,,,,,,,,,,,,,,,,,,,,,,,,,,,,,,,,,,,,,,,,,,,
,,,,,,,,,,,,,,,,,,,,,,,,,,,,,,,,,,,,,,,,,,,,,,,,,,,,,,,,,,,,,,,,,,,,,,,,,,,
,,,,,,,,,,,,,,,,,,,,,,,,,,,,,,,,,,,,,,,,,,,,,,,,,,,,,,,,,,,,,,,,,,,,,,,,,,,
,,,,,,,,,,,,,,,,,,,,,,,,,,,,,,,,,,,,,,,,,,,,,,,,,,,,,,,,,,,,,,,,,,,,,,,,,,,
,,,,,,,,,,,,,,,,,,,,,,,,,,,,,,,,,,,,,,,,,,,,,,,,,,,,,,,,,,,,,,,,,,,,,,,,,,,
,,,,,,,,,,,,,,,,,,,,,,,,,,,,,,,,,,,,,,,,,,,,,,,,,,,,,,,,,,,,,,,,,,,,,,,,,,,
,,,,,,,,,,,,,,,,,,,,,,,,,,,,,,,,,,,,,,,,,,,,,,,,,,,,,,,,,,,,,,,,,,,,,,,,,,,
,,,,,,,,,,,,,,,,,,,,,,,,,,,,,,,,,,,,,,,,,,,,,,,,,,,,,,,,,,,,,,,,,,,,,,,,,,,
,,,,,,,,,,,,,,,,,,,,,,,,,,,,,,,,,,,,,,,,,,,,,,,,,,,,,,,,,,,,,,,,,,,,,,,,,,,
,,,,,,,,,,,,,,,,,,,,,,,,,,,,,,,,,,,,,,,,,,,,,,,,,,,,,,,,,,,,,,,,,,,,,,,,,,,
,,,,,,,,,,,,,,,,,,,,,,,,,,,,,,,,,,,,,,,,,,,,,,,,,,,,,,,,,,,,,,,,,,,,,,,,,,,
,,,,,,,,,,,,,,,,,,,,,,,,,,,,,,,,,,,,,,,,,,,,,,,,,,,,,,,,,,,,,,,,,,,,,,,,,,,
,,,,,,,,,,,,,,,,,,,,,,,,,,,,,,,,,,,,,,,,,,,,,,,,,,,,,,,,,,,,,,,,,,,,,,,,,,,
,,,,,,,,,,,,,,,,,,,,,,,,,,,,,,,,,,,,,,,,,,,,,,,,,,,,,,,,,,,,,,,,,,,,,,,,,,,
,,,,,,,,,,,,,,,,,,,,,,,,,,,,,,,,,,,,,,,,,,,,,,,,,,,,,,,,,,,,,,,,,,,,,,,,,,,
,,,,,,,,,,,,,,,,,,,,,,,,,,,,,,,,,,,,,,,,,,,,,,,,,,,,,,,,,,,,,,,,,,,,,,,,,,,
,,,,,,,,,,,,,,,,,,,,,,,,,,,,,,,,,,,,,,,,,,,,,,,,,,,,,,,,,,,,,,,,,,,,,,,,,,,
,,,,,,,,,,,,,,,,,,,,,,,,,,,,,,,,,,,,,,,,,,,,,,,,,,,,,,,,,,,,,,,,,,,,,,,,,,,
,,,,,,,,,,,,,,,,,,,,,,,,,,,,,,,,,,,,,,,,,,,,,,,,,,,,,,,,,,,,,,,,,,,,,,,,,,,
,,,,,,,,,,,,,,,,,,,,,,,,,,,,,,,,,,,,,,,,,,,,,,,,,,,,,,,,,,,,,,,,,,,,,,,,,,,
,,,,,,,,,,,,,,,,,,,,,,,,,,,,,,,,,,,,,,,,,,,,,,,,,,,,,,,,,,,,,,,,,,,,,,,,,,,
,,,,,,,,,,,,,,,,,,,,,,,,,,,,,,,,,,,,,,,,,,,,,,,,,,,,,,,,,,,,,,,,,,,,,,,,,,,
,,,,,,,,,,,,,,,,,,,,,,,,,,,,,,,,,,,,,,,,,,,,,,,,,,,,,,,,,,,,,,,,,,,,,,,,,,,
,,,,,,,,,,,,,,,,,,,,,,,,,,,,,,,,,,,,,,,,,,,,,,,,,,,,,,,,,,,,,,,,,,,,,,,,,,,
,,,,,,,,,,,,,,,,,,,,,,,,,,,,,,,,,,,,,,,,,,,,,,,,,,,,,,,,,,,,,,,,,,,,,,,,,,,
,,,,,,,,,,,,,,,,,,,,,,,,,,,,,,,,,,,,,,,,,,,,,,,,,,,,,,,,,,,,,,,,,,,,,,,,,,,
,,,,,,,,,,,,,,,,,,,,,,,,,,,,,,,,,,,,,,,,,,,,,,,,,,,,,,,,,,,,,,,,,,,,,,,,,,,
,,,,,,,,,,,,,,,,,,,,,,,,,,,,,,,,,,,,,,,,,,,,,,,,,,,,,,,,,,,,,,,,,,,,,,,,,,,
,,,,,,,,,,,,,,,,,,,,,,,,,,,,,,,,,,,,,,,,,,,,,,,,,,,,,,,,,,,,,,,,,,,,,,,,,,,
,,,,,,,,,,,,,,,,,,,,,,,,,,,,,,,,,,,,,,,,,,,,,,,,,,,,,,,,,,,,,,,,,,,,,,,,,,,
,,,,,,,,,,,,,,,,,,,,,,,,,,,,,,,,,,,,,,,,,,,,,,,,,,,,,,,,,,,,,,,,,,,,,,,,,,,
,,,,,,,,,,,,,,,,,,,,,,,,,,,,,,,,,,,,,,,,,,,,,,,,,,,,,,,,,,,,,,,,,,,,,,,,,,,
,,,,,,,,,,,,,,,,,,,,,,,,,,,,,,,,,,,,,,,,,,,,,,,,,,,,,,,,,,,,,,,,,,,,,,,,,,,
,,,,,,,,,,,,,,,,,,,,,,,,,,,,,,,,,,,,,,,,,,,,,,,,,,,,,,,,,,,,,,,,,,,,,,,,,,,
,,,,,,,,,,,,,,,,,,,,,,,,,,,,,,,,,,,,,,,,,,,,,,,,,,,,,,,,,,,,,,,,,,,,,,,,,,,
,,,,,,,,,,,,,,,,,,,,,,,,,,,,,,,,,,,,,,,,,,,,,,,,,,,,,,,,,,,,,,,,,,,,,,,,,,,
,,,,,,,,,,,,,,,,,,,,,,,,,,,,,,,,,,,,,,,,,,,,,,,,,,,,,,,,,,,,,,,,,,,,,,,,,,,
,,,,,,,,,,,,,,,,,,,,,,,,,,,,,,,,,,,,,,,,,,,,,,,,,,,,,,,,,,,,,,,,,,,,,,,,,,,
,,,,,,,,,,,,,,,,,,,,,,,,,,,,,,,,,,,,,,,,,,,,,,,,,,,,,,,,,,,,,,,,,,,,,,,,,,,
,,,,,,,,,,,,,,,,,,,,,,,,,,,,,,,,,,,,,,,,,,,,,,,,,,,,,,,,,,,,,,,,,,,,,,,,,,,
,,,,,,,,,,,,,,,,,,,,,,,,,,,,,,,,,,,,,,,,,,,,,,,,,,,,,,,,,,,,,,,,,,,,,,,,,,,
,,,,,,,,,,,,,,,,,,,,,,,,,,,,,,,,,,,,,,,,,,,,,,,,,,,,,,,,,,,,,,,,,,,,,,,,,,,
,,,,,,,,,,,,,,,,,,,,,,,,,,,,,,,,,,,,,,,,,,,,,,,,,,,,,,,,,,,,,,,,,,,,,,,,,,,
,,,,,,,,,,,,,,,,,,,,,,,,,,,,,,,,,,,,,,,,,,,,,,,,,,,,,,,,,,,,,,,,,,,,,,,,,,,
,,,,,,,,,,,,,,,,,,,,,,,,,,,,,,,,,,,,,,,,,,,,,,,,,,,,,,,,,,,,,,,,,,,,,,,,,,,
,,,,,,,,,,,,,,,,,,,,,,,,,,,,,,,,,,,,,,,,,,,,,,,,,,,,,,,,,,,,,,,,,,,,,,,,,,,
,,,,,,,,,,,,,,,,,,,,,,,,,,,,,,,,,,,,,,,,,,,,,,,,,,,,,,,,,,,,,,,,,,,,,,,,,,,
,,,,,,,,,,,,,,,,,,,,,,,,,,,,,,,,,,,,,,,,,,,,,,,,,,,,,,,,,,,,,,,,,,,,,,,,,,,
,,,,,,,,,,,,,,,,,,,,,,,,,,,,,,,,,,,,,,,,,,,,,,,,,,,,,,,,,,,,,,,,,,,,,,,,,,,
,,,,,,,,,,,,,,,,,,,,,,,,,,,,,,,,,,,,,,,,,,,,,,,,,,,,,,,,,,,,,,,,,,,,,,,,,,,
,,,,,,,,,,,,,,,,,,,,,,,,,,,,,,,,,,,,,,,,,,,,,,,,,,,,,,,,,,,,,,,,,,,,,,,,,,,
,,,,,,,,,,,,,,,,,,,,,,,,,,,,,,,,,,,,,,,,,,,,,,,,,,,,,,,,,,,,,,,,,,,,,,,,,,,
,,,,,,,,,,,,,,,,,,,,,,,,,,,,,,,,,,,,,,,,,,,,,,,,,,,,,,,,,,,,,,,,,,,,,,,,,,,
,,,,,,,,,,,,,,,,,,,,,,,,,,,,,,,,,,,,,,,,,,,,,,,,,,,,,,,,,,,,,,,,,,,,,,,,,,,
,,,,,,,,,,,,,,,,,,,,,,,,,,,,,,,,,,,,,,,,,,,,,,,,,,,,,,,,,,,,,,,,,,,,,,,,,,,
,,,,,,,,,,,,,,,,,,,,,,,,,,,,,,,,,,,,,,,,,,,,,,,,,,,,,,,,,,,,,,,,,,,,,,,,,,,
,,,,,,,,,,,,,,,,,,,,,,,,,,,,,,,,,,,,,,,,,,,,,,,,,,,,,,,,,,,,,,,,,,,,,,,,,,,
,,,,,,,,,,,,,,,,,,,,,,,,,,,,,,,,,,,,,,,,,,,,,,,,,,,,,,,,,,,,,,,,,,,,,,,,,,,
,,,,,,,,,,,,,,,,,,,,,,,,,,,,,,,,,,,,,,,,,,,,,,,,,,,,,,,,,,,,,,,,,,,,,,,,,,,
,,,,,,,,,,,,,,,,,,,,,,,,,,,,,,,,,,,,,,,,,,,,,,,,,,,,,,,,,,,,,,,,,,,,,,,,,,,
,,,,,,,,,,,,,,,,,,,,,,,,,,,,,,,,,,,,,,,,,,,,,,,,,,,,,,,,,,,,,,,,,,,,,,,,,,,
,,,,,,,,,,,,,,,,,,,,,,,,,,,,,,,,,,,,,,,,,,,,,,,,,,,,,,,,,,,,,,,,,,,,,,,,,,,
,,,,,,,,,,,,,,,,,,,,,,,,,,,,,,,,,,,,,,,,,,,,,,,,,,,,,,,,,,,,,,,,,,,,,,,,,,,
,,,,,,,,,,,,,,,,,,,,,,,,,,,,,,,,,,,,,,,,,,,,,,,,,,,,,,,,,,,,,,,,,,,,,,,,,,,
,,,,,,,,,,,,,,,,,,,,,,,,,,,,,,,,,,,,,,,,,,,,,,,,,,,,,,,,,,,,,,,,,,,,,,,,,,,
,,,,,,,,,,,,,,,,,,,,,,,,,,,,,,,,,,,,,,,,,,,,,,,,,,,,,,,,,,,,,,,,,,,,,,,,,,,
,,,,,,,,,,,,,,,,,,,,,,,,,,,,,,,,,,,,,,,,,,,,,,,,,,,,,,,,,,,,,,,,,,,,,,,,,,,
,,,,,,,,,,,,,,,,,,,,,,,,,,,,,,,,,,,,,,,,,,,,,,,,,,,,,,,,,,,,,,,,,,,,,,,,,,,
,,,,,,,,,,,,,,,,,,,,,,,,,,,,,,,,,,,,,,,,,,,,,,,,,,,,,,,,,,,,,,,,,,,,,,,,,,,
,,,,,,,,,,,,,,,,,,,,,,,,,,,,,,,,,,,,,,,,,,,,,,,,,,,,,,,,,,,,,,,,,,,,,,,,,,,
,,,,,,,,,,,,,,,,,,,,,,,,,,,,,,,,,,,,,,,,,,,,,,,,,,,,,,,,,,,,,,,,,,,,,,,,,,,
,,,,,,,,,,,,,,,,,,,,,,,,,,,,,,,,,,,,,,,,,,,,,,,,,,,,,,,,,,,,,,,,,,,,,,,,,,,
,,,,,,,,,,,,,,,,,,,,,,,,,,,,,,,,,,,,,,,,,,,,,,,,,,,,,,,,,,,,,,,,,,,,,,,,,,,
,,,,,,,,,,,,,,,,,,,,,,,,,,,,,,,,,,,,,,,,,,,,,,,,,,,,,,,,,,,,,,,,,,,,,,,,,,,
,,,,,,,,,,,,,,,,,,,,,,,,,,,,,,,,,,,,,,,,,,,,,,,,,,,,,,,,,,,,,,,,,,,,,,,,,,,
,,,,,,,,,,,,,,,,,,,,,,,,,,,,,,,,,,,,,,,,,,,,,,,,,,,,,,,,,,,,,,,,,,,,,,,,,,,
,,,,,,,,,,,,,,,,,,,,,,,,,,,,,,,,,,,,,,,,,,,,,,,,,,,,,,,,,,,,,,,,,,,,,,,,,,,
,,,,,,,,,,,,,,,,,,,,,,,,,,,,,,,,,,,,,,,,,,,,,,,,,,,,,,,,,,,,,,,,,,,,,,,,,,,
,,,,,,,,,,,,,,,,,,,,,,,,,,,,,,,,,,,,,,,,,,,,,,,,,,,,,,,,,,,,,,,,,,,,,,,,,,,
,,,,,,,,,,,,,,,,,,,,,,,,,,,,,,,,,,,,,,,,,,,,,,,,,,,,,,,,,,,,,,,,,,,,,,,,,,,
,,,,,,,,,,,,,,,,,,,,,,,,,,,,,,,,,,,,,,,,,,,,,,,,,,,,,,,,,,,,,,,,,,,,,,,,,,,
,,,,,,,,,,,,,,,,,,,,,,,,,,,,,,,,,,,,,,,,,,,,,,,,,,,,,,,,,,,,,,,,,,,,,,,,,,,
,,,,,,,,,,,,,,,,,,,,,,,,,,,,,,,,,,,,,,,,,,,,,,,,,,,,,,,,,,,,,,,,,,,,,,,,,,,
,,,,,,,,,,,,,,,,,,,,,,,,,,,,,,,,,,,,,,,,,,,,,,,,,,,,,,,,,,,,,,,,,,,,,,,,,,,
,,,,,,,,,,,,,,,,,,,,,,,,,,,,,,,,,,,,,,,,,,,,,,,,,,,,,,,,,,,,,,,,,,,,,,,,,,,
,,,,,,,,,,,,,,,,,,,,,,,,,,,,,,,,,,,,,,,,,,,,,,,,,,,,,,,,,,,,,,,,,,,,,,,,,,,
,,,,,,,,,,,,,,,,,,,,,,,,,,,,,,,,,,,,,,,,,,,,,,,,,,,,,,,,,,,,,,,,,,,,,,,,,,,
,,,,,,,,,,,,,,,,,,,,,,,,,,,,,,,,,,,,,,,,,,,,,,,,,,,,,,,,,,,,,,,,,,,,,,,,,,,
,,,,,,,,,,,,,,,,,,,,,,,,,,,,,,,,,,,,,,,,,,,,,,,,,,,,,,,,,,,,,,,,,,,,,,,,,,,
,,,,,,,,,,,,,,,,,,,,,,,,,,,,,,,,,,,,,,,,,,,,,,,,,,,,,,,,,,,,,,,,,,,,,,,,,,,
,,,,,,,,,,,,,,,,,,,,,,,,,,,,,,,,,,,,,,,,,,,,,,,,,,,,,,,,,,,,,,,,,,,,,,,,,,,
,,,,,,,,,,,,,,,,,,,,,,,,,,,,,,,,,,,,,,,,,,,,,,,,,,,,,,,,,,,,,,,,,,,,,,,,,,,
,,,,,,,,,,,,,,,,,,,,,,,,,,,,,,,,,,,,,,,,,,,,,,,,,,,,,,,,,,,,,,,,,,,,,,,,,,,
,,,,,,,,,,,,,,,,,,,,,,,,,,,,,,,,,,,,,,,,,,,,,,,,,,,,,,,,,,,,,,,,,,,,,,,,,,,
,,,,,,,,,,,,,,,,,,,,,,,,,,,,,,,,,,,,,,,,,,,,,,,,,,,,,,,,,,,,,,,,,,,,,,,,,,,
,,,,,,,,,,,,,,,,,,,,,,,,,,,,,,,,,,,,,,,,,,,,,,,,,,,,,,,,,,,,,,,,,,,,,,,,,,,
,,,,,,,,,,,,,,,,,,,,,,,,,,,,,,,,,,,,,,,,,,,,,,,,,,,,,,,,,,,,,,,,,,,,,,,,,,,
,,,,,,,,,,,,,,,,,,,,,,,,,,,,,,,,,,,,,,,,,,,,,,,,,,,,,,,,,,,,,,,,,,,,,,,,,,,
,,,,,,,,,,,,,,,,,,,,,,,,,,,,,,,,,,,,,,,,,,,,,,,,,,,,,,,,,,,,,,,,,,,,,,,,,,,
,,,,,,,,,,,,,,,,,,,,,,,,,,,,,,,,,,,,,,,,,,,,,,,,,,,,,,,,,,,,,,,,,,,,,,,,,,,
,,,,,,,,,,,,,,,,,,,,,,,,,,,,,,,,,,,,,,,,,,,,,,,,,,,,,,,,,,,,,,,,,,,,,,,,,,,
,,,,,,,,,,,,,,,,,,,,,,,,,,,,,,,,,,,,,,,,,,,,,,,,,,,,,,,,,,,,,,,,,,,,,,,,,,,
,,,,,,,,,,,,,,,,,,,,,,,,,,,,,,,,,,,,,,,,,,,,,,,,,,,,,,,,,,,,,,,,,,,,,,,,,,,
,,,,,,,,,,,,,,,,,,,,,,,,,,,,,,,,,,,,,,,,,,,,,,,,,,,,,,,,,,,,,,,,,,,,,,,,,,,
,,,,,,,,,,,,,,,,,,,,,,,,,,,,,,,,,,,,,,,,,,,,,,,,,,,,,,,,,,,,,,,,,,,,,,,,,,,
,,,,,,,,,,,,,,,,,,,,,,,,,,,,,,,,,,,,,,,,,,,,,,,,,,,,,,,,,,,,,,,,,,,,,,,,,,,
,,,,,,,,,,,,,,,,,,,,,,,,,,,,,,,,,,,,,,,,,,,,,,,,,,,,,,,,,,,,,,,,,,,,,,,,,,,
,,,,,,,,,,,,,,,,,,,,,,,,,,,,,,,,,,,,,,,,,,,,,,,,,,,,,,,,,,,,,,,,,,,,,,,,,,,
,,,,,,,,,,,,,,,,,,,,,,,,,,,,,,,,,,,,,,,,,,,,,,,,,,,,,,,,,,,,,,,,,,,,,,,,,,,
,,,,,,,,,,,,,,,,,,,,,,,,,,,,,,,,,,,,,,,,,,,,,,,,,,,,,,,,,,,,,,,,,,,,,,,,,,,
,,,,,,,,,,,,,,,,,,,,,,,,,,,,,,,,,,,,,,,,,,,,,,,,,,,,,,,,,,,,,,,,,,,,,,,,,,,
,,,,,,,,,,,,,,,,,,,,,,,,,,,,,,,,,,,,,,,,,,,,,,,,,,,,,,,,,,,,,,,,,,,,,,,,,,,
,,,,,,,,,,,,,,,,,,,,,,,,,,,,,,,,,,,,,,,,,,,,,,,,,,,,,,,,,,,,,,,,,,,,,,,,,,,
,,,,,,,,,,,,,,,,,,,,,,,,,,,,,,,,,,,,,,,,,,,,,,,,,,,,,,,,,,,,,,,,,,,,,,,,,,,
,,,,,,,,,,,,,,,,,,,,,,,,,,,,,,,,,,,,,,,,,,,,,,,,,,,,,,,,,,,,,,,,,,,,,,,,,,,
,,,,,,,,,,,,,,,,,,,,,,,,,,,,,,,,,,,,,,,,,,,,,,,,,,,,,,,,,,,,,,,,,,,,,,,,,,,
,,,,,,,,,,,,,,,,,,,,,,,,,,,,,,,,,,,,,,,,,,,,,,,,,,,,,,,,,,,,,,,,,,,,,,,,,,,
,,,,,,,,,,,,,,,,,,,,,,,,,,,,,,,,,,,,,,,,,,,,,,,,,,,,,,,,,,,,,,,,,,,,,,,,,,,
,,,,,,,,,,,,,,,,,,,,,,,,,,,,,,,,,,,,,,,,,,,,,,,,,,,,,,,,,,,,,,,,,,,,,,,,,,,
,,,,,,,,,,,,,,,,,,,,,,,,,,,,,,,,,,,,,,,,,,,,,,,,,,,,,,,,,,,,,,,,,,,,,,,,,,,
,,,,,,,,,,,,,,,,,,,,,,,,,,,,,,,,,,,,,,,,,,,,,,,,,,,,,,,,,,,,,,,,,,,,,,,,,,,
,,,,,,,,,,,,,,,,,,,,,,,,,,,,,,,,,,,,,,,,,,,,,,,,,,,,,,,,,,,,,,,,,,,,,,,,,,,
,,,,,,,,,,,,,,,,,,,,,,,,,,,,,,,,,,,,,,,,,,,,,,,,,,,,,,,,,,,,,,,,,,,,,,,,,,,
,,,,,,,,,,,,,,,,,,,,,,,,,,,,,,,,,,,,,,,,,,,,,,,,,,,,,,,,,,,,,,,,,,,,,,,,,,,
,,,,,,,,,,,,,,,,,,,,,,,,,,,,,,,,,,,,,,,,,,,,,,,,,,,,,,,,,,,,,,,,,,,,,,,,,,,
,,,,,,,,,,,,,,,,,,,,,,,,,,,,,,,,,,,,,,,,,,,,,,,,,,,,,,,,,,,,,,,,,,,,,,,,,,,
,,,,,,,,,,,,,,,,,,,,,,,,,,,,,,,,,,,,,,,,,,,,,,,,,,,,,,,,,,,,,,,,,,,,,,,,,,,
,,,,,,,,,,,,,,,,,,,,,,,,,,,,,,,,,,,,,,,,,,,,,,,,,,,,,,,,,,,,,,,,,,,,,,,,,,,
,,,,,,,,,,,,,,,,,,,,,,,,,,,,,,,,,,,,,,,,,,,,,,,,,,,,,,,,,,,,,,,,,,,,,,,,,,,
,,,,,,,,,,,,,,,,,,,,,,,,,,,,,,,,,,,,,,,,,,,,,,,,,,,,,,,,,,,,,,,,,,,,,,,,,,,
,,,,,,,,,,,,,,,,,,,,,,,,,,,,,,,,,,,,,,,,,,,,,,,,,,,,,,,,,,,,,,,,,,,,,,,,,,,
,,,,,,,,,,,,,,,,,,,,,,,,,,,,,,,,,,,,,,,,,,,,,,,,,,,,,,,,,,,,,,,,,,,,,,,,,,,
,,,,,,,,,,,,,,,,,,,,,,,,,,,,,,,,,,,,,,,,,,,,,,,,,,,,,,,,,,,,,,,,,,,,,,,,,,,
,,,,,,,,,,,,,,,,,,,,,,,,,,,,,,,,,,,,,,,,,,,,,,,,,,,,,,,,,,,,,,,,,,,,,,,,,,,
,,,,,,,,,,,,,,,,,,,,,,,,,,,,,,,,,,,,,,,,,,,,,,,,,,,,,,,,,,,,,,,,,,,,,,,,,,,
,,,,,,,,,,,,,,,,,,,,,,,,,,,,,,,,,,,,,,,,,,,,,,,,,,,,,,,,,,,,,,,,,,,,,,,,,,,
,,,,,,,,,,,,,,,,,,,,,,,,,,,,,,,,,,,,,,,,,,,,,,,,,,,,,,,,,,,,,,,,,,,,,,,,,,,
,,,,,,,,,,,,,,,,,,,,,,,,,,,,,,,,,,,,,,,,,,,,,,,,,,,,,,,,,,,,,,,,,,,,,,,,,,,
,,,,,,,,,,,,,,,,,,,,,,,,,,,,,,,,,,,,,,,,,,,,,,,,,,,,,,,,,,,,,,,,,,,,,,,,,,,
,,,,,,,,,,,,,,,,,,,,,,,,,,,,,,,,,,,,,,,,,,,,,,,,,,,,,,,,,,,,,,,,,,,,,,,,,,,
,,,,,,,,,,,,,,,,,,,,,,,,,,,,,,,,,,,,,,,,,,,,,,,,,,,,,,,,,,,,,,,,,,,,,,,,,,,
,,,,,,,,,,,,,,,,,,,,,,,,,,,,,,,,,,,,,,,,,,,,,,,,,,,,,,,,,,,,,,,,,,,,,,,,,,,
,,,,,,,,,,,,,,,,,,,,,,,,,,,,,,,,,,,,,,,,,,,,,,,,,,,,,,,,,,,,,,,,,,,,,,,,,,,
,,,,,,,,,,,,,,,,,,,,,,,,,,,,,,,,,,,,,,,,,,,,,,,,,,,,,,,,,,,,,,,,,,,,,,,,,,,
,,,,,,,,,,,,,,,,,,,,,,,,,,,,,,,,,,,,,,,,,,,,,,,,,,,,,,,,,,,,,,,,,,,,,,,,,,,
,,,,,,,,,,,,,,,,,,,,,,,,,,,,,,,,,,,,,,,,,,,,,,,,,,,,,,,,,,,,,,,,,,,,,,,,,,,
,,,,,,,,,,,,,,,,,,,,,,,,,,,,,,,,,,,,,,,,,,,,,,,,,,,,,,,,,,,,,,,,,,,,,,,,,,,
,,,,,,,,,,,,,,,,,,,,,,,,,,,,,,,,,,,,,,,,,,,,,,,,,,,,,,,,,,,,,,,,,,,,,,,,,,,
,,,,,,,,,,,,,,,,,,,,,,,,,,,,,,,,,,,,,,,,,,,,,,,,,,,,,,,,,,,,,,,,,,,,,,,,,,,
,,,,,,,,,,,,,,,,,,,,,,,,,,,,,,,,,,,,,,,,,,,,,,,,,,,,,,,,,,,,,,,,,,,,,,,,,,,
,,,,,,,,,,,,,,,,,,,,,,,,,,,,,,,,,,,,,,,,,,,,,,,,,,,,,,,,,,,,,,,,,,,,,,,,,,,
,,,,,,,,,,,,,,,,,,,,,,,,,,,,,,,,,,,,,,,,,,,,,,,,,,,,,,,,,,,,,,,,,,,,,,,,,,,
,,,,,,,,,,,,,,,,,,,,,,,,,,,,,,,,,,,,,,,,,,,,,,,,,,,,,,,,,,,,,,,,,,,,,,,,,,,
,,,,,,,,,,,,,,,,,,,,,,,,,,,,,,,,,,,,,,,,,,,,,,,,,,,,,,,,,,,,,,,,,,,,,,,,,,,
,,,,,,,,,,,,,,,,,,,,,,,,,,,,,,,,,,,,,,,,,,,,,,,,,,,,,,,,,,,,,,,,,,,,,,,,,,,
,,,,,,,,,,,,,,,,,,,,,,,,,,,,,,,,,,,,,,,,,,,,,,,,,,,,,,,,,,,,,,,,,,,,,,,,,,,
,,,,,,,,,,,,,,,,,,,,,,,,,,,,,,,,,,,,,,,,,,,,,,,,,,,,,,,,,,,,,,,,,,,,,,,,,,,
,,,,,,,,,,,,,,,,,,,,,,,,,,,,,,,,,,,,,,,,,,,,,,,,,,,,,,,,,,,,,,,,,,,,,,,,,,,
,,,,,,,,,,,,,,,,,,,,,,,,,,,,,,,,,,,,,,,,,,,,,,,,,,,,,,,,,,,,,,,,,,,,,,,,,,,
,,,,,,,,,,,,,,,,,,,,,,,,,,,,,,,,,,,,,,,,,,,,,,,,,,,,,,,,,,,,,,,,,,,,,,,,,,,
,,,,,,,,,,,,,,,,,,,,,,,,,,,,,,,,,,,,,,,,,,,,,,,,,,,,,,,,,,,,,,,,,,,,,,,,,,,
,,,,,,,,,,,,,,,,,,,,,,,,,,,,,,,,,,,,,,,,,,,,,,,,,,,,,,,,,,,,,,,,,,,,,,,,,,,
,,,,,,,,,,,,,,,,,,,,,,,,,,,,,,,,,,,,,,,,,,,,,,,,,,,,,,,,,,,,,,,,,,,,,,,,,,,
,,,,,,,,,,,,,,,,,,,,,,,,,,,,,,,,,,,,,,,,,,,,,,,,,,,,,,,,,,,,,,,,,,,,,,,,,,,
,,,,,,,,,,,,,,,,,,,,,,,,,,,,,,,,,,,,,,,,,,,,,,,,,,,,,,,,,,,,,,,,,,,,,,,,,,,
,,,,,,,,,,,,,,,,,,,,,,,,,,,,,,,,,,,,,,,,,,,,,,,,,,,,,,,,,,,,,,,,,,,,,,,,,,,
,,,,,,,,,,,,,,,,,,,,,,,,,,,,,,,,,,,,,,,,,,,,,,,,,,,,,,,,,,,,,,,,,,,,,,,,,,,
,,,,,,,,,,,,,,,,,,,,,,,,,,,,,,,,,,,,,,,,,,,,,,,,,,,,,,,,,,,,,,,,,,,,,,,,,,,
,,,,,,,,,,,,,,,,,,,,,,,,,,,,,,,,,,,,,,,,,,,,,,,,,,,,,,,,,,,,,,,,,,,,,,,,,,,
,,,,,,,,,,,,,,,,,,,,,,,,,,,,,,,,,,,,,,,,,,,,,,,,,,,,,,,,,,,,,,,,,,,,,,,,,,,
,,,,,,,,,,,,,,,,,,,,,,,,,,,,,,,,,,,,,,,,,,,,,,,,,,,,,,,,,,,,,,,,,,,,,,,,,,,
,,,,,,,,,,,,,,,,,,,,,,,,,,,,,,,,,,,,,,,,,,,,,,,,,,,,,,,,,,,,,,,,,,,,,,,,,,,
,,,,,,,,,,,,,,,,,,,,,,,,,,,,,,,,,,,,,,,,,,,,,,,,,,,,,,,,,,,,,,,,,,,,,,,,,,,
,,,,,,,,,,,,,,,,,,,,,,,,,,,,,,,,,,,,,,,,,,,,,,,,,,,,,,,,,,,,,,,,,,,,,,,,,,,
,,,,,,,,,,,,,,,,,,,,,,,,,,,,,,,,,,,,,,,,,,,,,,,,,,,,,,,,,,,,,,,,,,,,,,,,,,,
,,,,,,,,,,,,,,,,,,,,,,,,,,,,,,,,,,,,,,,,,,,,,,,,,,,,,,,,,,,,,,,,,,,,,,,,,,,
,,,,,,,,,,,,,,,,,,,,,,,,,,,,,,,,,,,,,,,,,,,,,,,,,,,,,,,,,,,,,,,,,,,,,,,,,,,
,,,,,,,,,,,,,,,,,,,,,,,,,,,,,,,,,,,,,,,,,,,,,,,,,,,,,,,,,,,,,,,,,,,,,,,,,,,
,,,,,,,,,,,,,,,,,,,,,,,,,,,,,,,,,,,,,,,,,,,,,,,,,,,,,,,,,,,,,,,,,,,,,,,,,,,
,,,,,,,,,,,,,,,,,,,,,,,,,,,,,,,,,,,,,,,,,,,,,,,,,,,,,,,,,,,,,,,,,,,,,,,,,,,
,,,,,,,,,,,,,,,,,,,,,,,,,,,,,,,,,,,,,,,,,,,,,,,,,,,,,,,,,,,,,,,,,,,,,,,,,,,
,,,,,,,,,,,,,,,,,,,,,,,,,,,,,,,,,,,,,,,,,,,,,,,,,,,,,,,,,,,,,,,,,,,,,,,,,,,
,,,,,,,,,,,,,,,,,,,,,,,,,,,,,,,,,,,,,,,,,,,,,,,,,,,,,,,,,,,,,,,,,,,,,,,,,,,
,,,,,,,,,,,,,,,,,,,,,,,,,,,,,,,,,,,,,,,,,,,,,,,,,,,,,,,,,,,,,,,,,,,,,,,,,,,
,,,,,,,,,,,,,,,,,,,,,,,,,,,,,,,,,,,,,,,,,,,,,,,,,,,,,,,,,,,,,,,,,,,,,,,,,,,
,,,,,,,,,,,,,,,,,,,,,,,,,,,,,,,,,,,,,,,,,,,,,,,,,,,,,,,,,,,,,,,,,,,,,,,,,,,
,,,,,,,,,,,,,,,,,,,,,,,,,,,,,,,,,,,,,,,,,,,,,,,,,,,,,,,,,,,,,,,,,,,,,,,,,,,
,,,,,,,,,,,,,,,,,,,,,,,,,,,,,,,,,,,,,,,,,,,,,,,,,,,,,,,,,,,,,,,,,,,,,,,,,,,
,,,,,,,,,,,,,,,,,,,,,,,,,,,,,,,,,,,,,,,,,,,,,,,,,,,,,,,,,,,,,,,,,,,,,,,,,,,
,,,,,,,,,,,,,,,,,,,,,,,,,,,,,,,,,,,,,,,,,,,,,,,,,,,,,,,,,,,,,,,,,,,,,,,,,,,
,,,,,,,,,,,,,,,,,,,,,,,,,,,,,,,,,,,,,,,,,,,,,,,,,,,,,,,,,,,,,,,,,,,,,,,,,,,
,,,,,,,,,,,,,,,,,,,,,,,,,,,,,,,,,,,,,,,,,,,,,,,,,,,,,,,,,,,,,,,,,,,,,,,,,,,
,,,,,,,,,,,,,,,,,,,,,,,,,,,,,,,,,,,,,,,,,,,,,,,,,,,,,,,,,,,,,,,,,,,,,,,,,,,
,,,,,,,,,,,,,,,,,,,,,,,,,,,,,,,,,,,,,,,,,,,,,,,,,,,,,,,,,,,,,,,,,,,,,,,,,,,
,,,,,,,,,,,,,,,,,,,,,,,,,,,,,,,,,,,,,,,,,,,,,,,,,,,,,,,,,,,,,,,,,,,,,,,,,,,
,,,,,,,,,,,,,,,,,,,,,,,,,,,,,,,,,,,,,,,,,,,,,,,,,,,,,,,,,,,,,,,,,,,,,,,,,,,
,,,,,,,,,,,,,,,,,,,,,,,,,,,,,,,,,,,,,,,,,,,,,,,,,,,,,,,,,,,,,,,,,,,,,,,,,,,
,,,,,,,,,,,,,,,,,,,,,,,,,,,,,,,,,,,,,,,,,,,,,,,,,,,,,,,,,,,,,,,,,,,,,,,,,,,
,,,,,,,,,,,,,,,,,,,,,,,,,,,,,,,,,,,,,,,,,,,,,,,,,,,,,,,,,,,,,,,,,,,,,,,,,,,
,,,,,,,,,,,,,,,,,,,,,,,,,,,,,,,,,,,,,,,,,,,,,,,,,,,,,,,,,,,,,,,,,,,,,,,,,,,
,,,,,,,,,,,,,,,,,,,,,,,,,,,,,,,,,,,,,,,,,,,,,,,,,,,,,,,,,,,,,,,,,,,,,,,,,,,
,,,,,,,,,,,,,,,,,,,,,,,,,,,,,,,,,,,,,,,,,,,,,,,,,,,,,,,,,,,,,,,,,,,,,,,,,,,
,,,,,,,,,,,,,,,,,,,,,,,,,,,,,,,,,,,,,,,,,,,,,,,,,,,,,,,,,,,,,,,,,,,,,,,,,,,
,,,,,,,,,,,,,,,,,,,,,,,,,,,,,,,,,,,,,,,,,,,,,,,,,,,,,,,,,,,,,,,,,,,,,,,,,,,
,,,,,,,,,,,,,,,,,,,,,,,,,,,,,,,,,,,,,,,,,,,,,,,,,,,,,,,,,,,,,,,,,,,,,,,,,,,
,,,,,,,,,,,,,,,,,,,,,,,,,,,,,,,,,,,,,,,,,,,,,,,,,,,,,,,,,,,,,,,,,,,,,,,,,,,
,,,,,,,,,,,,,,,,,,,,,,,,,,,,,,,,,,,,,,,,,,,,,,,,,,,,,,,,,,,,,,,,,,,,,,,,,,,
,,,,,,,,,,,,,,,,,,,,,,,,,,,,,,,,,,,,,,,,,,,,,,,,,,,,,,,,,,,,,,,,,,,,,,,,,,,
,,,,,,,,,,,,,,,,,,,,,,,,,,,,,,,,,,,,,,,,,,,,,,,,,,,,,,,,,,,,,,,,,,,,,,,,,,,
,,,,,,,,,,,,,,,,,,,,,,,,,,,,,,,,,,,,,,,,,,,,,,,,,,,,,,,,,,,,,,,,,,,,,,,,,,,
,,,,,,,,,,,,,,,,,,,,,,,,,,,,,,,,,,,,,,,,,,,,,,,,,,,,,,,,,,,,,,,,,,,,,,,,,,,
,,,,,,,,,,,,,,,,,,,,,,,,,,,,,,,,,,,,,,,,,,,,,,,,,,,,,,,,,,,,,,,,,,,,,,,,,,,
,,,,,,,,,,,,,,,,,,,,,,,,,,,,,,,,,,,,,,,,,,,,,,,,,,,,,,,,,,,,,,,,,,,,,,,,,,,
,,,,,,,,,,,,,,,,,,,,,,,,,,,,,,,,,,,,,,,,,,,,,,,,,,,,,,,,,,,,,,,,,,,,,,,,,,,
,,,,,,,,,,,,,,,,,,,,,,,,,,,,,,,,,,,,,,,,,,,,,,,,,,,,,,,,,,,,,,,,,,,,,,,,,,,
,,,,,,,,,,,,,,,,,,,,,,,,,,,,,,,,,,,,,,,,,,,,,,,,,,,,,,,,,,,,,,,,,,,,,,,,,,,
,,,,,,,,,,,,,,,,,,,,,,,,,,,,,,,,,,,,,,,,,,,,,,,,,,,,,,,,,,,,,,,,,,,,,,,,,,,
,,,,,,,,,,,,,,,,,,,,,,,,,,,,,,,,,,,,,,,,,,,,,,,,,,,,,,,,,,,,,,,,,,,,,,,,,,,
,,,,,,,,,,,,,,,,,,,,,,,,,,,,,,,,,,,,,,,,,,,,,,,,,,,,,,,,,,,,,,,,,,,,,,,,,,,
,,,,,,,,,,,,,,,,,,,,,,,,,,,,,,,,,,,,,,,,,,,,,,,,,,,,,,,,,,,,,,,,,,,,,,,,,,,
,,,,,,,,,,,,,,,,,,,,,,,,,,,,,,,,,,,,,,,,,,,,,,,,,,,,,,,,,,,,,,,,,,,,,,,,,,,
,,,,,,,,,,,,,,,,,,,,,,,,,,,,,,,,,,,,,,,,,,,,,,,,,,,,,,,,,,,,,,,,,,,,,,,,,,,
,,,,,,,,,,,,,,,,,,,,,,,,,,,,,,,,,,,,,,,,,,,,,,,,,,,,,,,,,,,,,,,,,,,,,,,,,,,
,,,,,,,,,,,,,,,,,,,,,,,,,,,,,,,,,,,,,,,,,,,,,,,,,,,,,,,,,,,,,,,,,,,,,,,,,,,
,,,,,,,,,,,,,,,,,,,,,,,,,,,,,,,,,,,,,,,,,,,,,,,,,,,,,,,,,,,,,,,,,,,,,,,,,,,
,,,,,,,,,,,,,,,,,,,,,,,,,,,,,,,,,,,,,,,,,,,,,,,,,,,,,,,,,,,,,,,,,,,,,,,,,,,
,,,,,,,,,,,,,,,,,,,,,,,,,,,,,,,,,,,,,,,,,,,,,,,,,,,,,,,,,,,,,,,,,,,,,,,,,,,
,,,,,,,,,,,,,,,,,,,,,,,,,,,,,,,,,,,,,,,,,,,,,,,,,,,,,,,,,,,,,,,,,,,,,,,,,,,
,,,,,,,,,,,,,,,,,,,,,,,,,,,,,,,,,,,,,,,,,,,,,,,,,,,,,,,,,,,,,,,,,,,,,,,,,,,
,,,,,,,,,,,,,,,,,,,,,,,,,,,,,,,,,,,,,,,,,,,,,,,,,,,,,,,,,,,,,,,,,,,,,,,,,,,
,,,,,,,,,,,,,,,,,,,,,,,,,,,,,,,,,,,,,,,,,,,,,,,,,,,,,,,,,,,,,,,,,,,,,,,,,,,
,,,,,,,,,,,,,,,,,,,,,,,,,,,,,,,,,,,,,,,,,,,,,,,,,,,,,,,,,,,,,,,,,,,,,,,,,,,
,,,,,,,,,,,,,,,,,,,,,,,,,,,,,,,,,,,,,,,,,,,,,,,,,,,,,,,,,,,,,,,,,,,,,,,,,,,
,,,,,,,,,,,,,,,,,,,,,,,,,,,,,,,,,,,,,,,,,,,,,,,,,,,,,,,,,,,,,,,,,,,,,,,,,,,
,,,,,,,,,,,,,,,,,,,,,,,,,,,,,,,,,,,,,,,,,,,,,,,,,,,,,,,,,,,,,,,,,,,,,,,,,,,
,,,,,,,,,,,,,,,,,,,,,,,,,,,,,,,,,,,,,,,,,,,,,,,,,,,,,,,,,,,,,,,,,,,,,,,,,,,
,,,,,,,,,,,,,,,,,,,,,,,,,,,,,,,,,,,,,,,,,,,,,,,,,,,,,,,,,,,,,,,,,,,,,,,,,,,
,,,,,,,,,,,,,,,,,,,,,,,,,,,,,,,,,,,,,,,,,,,,,,,,,,,,,,,,,,,,,,,,,,,,,,,,,,,
,,,,,,,,,,,,,,,,,,,,,,,,,,,,,,,,,,,,,,,,,,,,,,,,,,,,,,,,,,,,,,,,,,,,,,,,,,,
,,,,,,,,,,,,,,,,,,,,,,,,,,,,,,,,,,,,,,,,,,,,,,,,,,,,,,,,,,,,,,,,,,,,,,,,,,,
,,,,,,,,,,,,,,,,,,,,,,,,,,,,,,,,,,,,,,,,,,,,,,,,,,,,,,,,,,,,,,,,,,,,,,,,,,,
,,,,,,,,,,,,,,,,,,,,,,,,,,,,,,,,,,,,,,,,,,,,,,,,,,,,,,,,,,,,,,,,,,,,,,,,,,,
,,,,,,,,,,,,,,,,,,,,,,,,,,,,,,,,,,,,,,,,,,,,,,,,,,,,,,,,,,,,,,,,,,,,,,,,,,,
,,,,,,,,,,,,,,,,,,,,,,,,,,,,,,,,,,,,,,,,,,,,,,,,,,,,,,,,,,,,,,,,,,,,,,,,,,,
,,,,,,,,,,,,,,,,,,,,,,,,,,,,,,,,,,,,,,,,,,,,,,,,,,,,,,,,,,,,,,,,,,,,,,,,,,,
,,,,,,,,,,,,,,,,,,,,,,,,,,,,,,,,,,,,,,,,,,,,,,,,,,,,,,,,,,,,,,,,,,,,,,,,,,,
,,,,,,,,,,,,,,,,,,,,,,,,,,,,,,,,,,,,,,,,,,,,,,,,,,,,,,,,,,,,,,,,,,,,,,,,,,,
,,,,,,,,,,,,,,,,,,,,,,,,,,,,,,,,,,,,,,,,,,,,,,,,,,,,,,,,,,,,,,,,,,,,,,,,,,,
,,,,,,,,,,,,,,,,,,,,,,,,,,,,,,,,,,,,,,,,,,,,,,,,,,,,,,,,,,,,,,,,,,,,,,,,,,,
,,,,,,,,,,,,,,,,,,,,,,,,,,,,,,,,,,,,,,,,,,,,,,,,,,,,,,,,,,,,,,,,,,,,,,,,,,,
,,,,,,,,,,,,,,,,,,,,,,,,,,,,,,,,,,,,,,,,,,,,,,,,,,,,,,,,,,,,,,,,,,,,,,,,,,,
,,,,,,,,,,,,,,,,,,,,,,,,,,,,,,,,,,,,,,,,,,,,,,,,,,,,,,,,,,,,,,,,,,,,,,,,,,,
,,,,,,,,,,,,,,,,,,,,,,,,,,,,,,,,,,,,,,,,,,,,,,,,,,,,,,,,,,,,,,,,,,,,,,,,,,,
,,,,,,,,,,,,,,,,,,,,,,,,,,,,,,,,,,,,,,,,,,,,,,,,,,,,,,,,,,,,,,,,,,,,,,,,,,,
,,,,,,,,,,,,,,,,,,,,,,,,,,,,,,,,,,,,,,,,,,,,,,,,,,,,,,,,,,,,,,,,,,,,,,,,,,,
,,,,,,,,,,,,,,,,,,,,,,,,,,,,,,,,,,,,,,,,,,,,,,,,,,,,,,,,,,,,,,,,,,,,,,,,,,,
,,,,,,,,,,,,,,,,,,,,,,,,,,,,,,,,,,,,,,,,,,,,,,,,,,,,,,,,,,,,,,,,,,,,,,,,,,,
,,,,,,,,,,,,,,,,,,,,,,,,,,,,,,,,,,,,,,,,,,,,,,,,,,,,,,,,,,,,,,,,,,,,,,,,,,,
,,,,,,,,,,,,,,,,,,,,,,,,,,,,,,,,,,,,,,,,,,,,,,,,,,,,,,,,,,,,,,,,,,,,,,,,,,,
,,,,,,,,,,,,,,,,,,,,,,,,,,,,,,,,,,,,,,,,,,,,,,,,,,,,,,,,,,,,,,,,,,,,,,,,,,,
,,,,,,,,,,,,,,,,,,,,,,,,,,,,,,,,,,,,,,,,,,,,,,,,,,,,,,,,,,,,,,,,,,,,,,,,,,,
,,,,,,,,,,,,,,,,,,,,,,,,,,,,,,,,,,,,,,,,,,,,,,,,,,,,,,,,,,,,,,,,,,,,,,,,,,,
,,,,,,,,,,,,,,,,,,,,,,,,,,,,,,,,,,,,,,,,,,,,,,,,,,,,,,,,,,,,,,,,,,,,,,,,,,,
,,,,,,,,,,,,,,,,,,,,,,,,,,,,,,,,,,,,,,,,,,,,,,,,,,,,,,,,,,,,,,,,,,,,,,,,,,,
,,,,,,,,,,,,,,,,,,,,,,,,,,,,,,,,,,,,,,,,,,,,,,,,,,,,,,,,,,,,,,,,,,,,,,,,,,,
,,,,,,,,,,,,,,,,,,,,,,,,,,,,,,,,,,,,,,,,,,,,,,,,,,,,,,,,,,,,,,,,,,,,,,,,,,,
,,,,,,,,,,,,,,,,,,,,,,,,,,,,,,,,,,,,,,,,,,,,,,,,,,,,,,,,,,,,,,,,,,,,,,,,,,,
,,,,,,,,,,,,,,,,,,,,,,,,,,,,,,,,,,,,,,,,,,,,,,,,,,,,,,,,,,,,,,,,,,,,,,,,,,,
,,,,,,,,,,,,,,,,,,,,,,,,,,,,,,,,,,,,,,,,,,,,,,,,,,,,,,,,,,,,,,,,,,,,,,,,,,,
,,,,,,,,,,,,,,,,,,,,,,,,,,,,,,,,,,,,,,,,,,,,,,,,,,,,,,,,,,,,,,,,,,,,,,,,,,,
,,,,,,,,,,,,,,,,,,,,,,,,,,,,,,,,,,,,,,,,,,,,,,,,,,,,,,,,,,,,,,,,,,,,,,,,,,,
,,,,,,,,,,,,,,,,,,,,,,,,,,,,,,,,,,,,,,,,,,,,,,,,,,,,,,,,,,,,,,,,,,,,,,,,,,,
,,,,,,,,,,,,,,,,,,,,,,,,,,,,,,,,,,,,,,,,,,,,,,,,,,,,,,,,,,,,,,,,,,,,,,,,,,,
,,,,,,,,,,,,,,,,,,,,,,,,,,,,,,,,,,,,,,,,,,,,,,,,,,,,,,,,,,,,,,,,,,,,,,,,,,,
,,,,,,,,,,,,,,,,,,,,,,,,,,,,,,,,,,,,,,,,,,,,,,,,,,,,,,,,,,,,,,,,,,,,,,,,,,,
,,,,,,,,,,,,,,,,,,,,,,,,,,,,,,,,,,,,,,,,,,,,,,,,,,,,,,,,,,,,,,,,,,,,,,,,,,,
,,,,,,,,,,,,,,,,,,,,,,,,,,,,,,,,,,,,,,,,,,,,,,,,,,,,,,,,,,,,,,,,,,,,,,,,,,,
,,,,,,,,,,,,,,,,,,,,,,,,,,,,,,,,,,,,,,,,,,,,,,,,,,,,,,,,,,,,,,,,,,,,,,,,,,,
,,,,,,,,,,,,,,,,,,,,,,,,,,,,,,,,,,,,,,,,,,,,,,,,,,,,,,,,,,,,,,,,,,,,,,,,,,,
,,,,,,,,,,,,,,,,,,,,,,,,,,,,,,,,,,,,,,,,,,,,,,,,,,,,,,,,,,,,,,,,,,,,,,,,,,,
,,,,,,,,,,,,,,,,,,,,,,,,,,,,,,,,,,,,,,,,,,,,,,,,,,,,,,,,,,,,,,,,,,,,,,,,,,,
,,,,,,,,,,,,,,,,,,,,,,,,,,,,,,,,,,,,,,,,,,,,,,,,,,,,,,,,,,,,,,,,,,,,,,,,,,,
,,,,,,,,,,,,,,,,,,,,,,,,,,,,,,,,,,,,,,,,,,,,,,,,,,,,,,,,,,,,,,,,,,,,,,,,,,,
,,,,,,,,,,,,,,,,,,,,,,,,,,,,,,,,,,,,,,,,,,,,,,,,,,,,,,,,,,,,,,,,,,,,,,,,,,,
,,,,,,,,,,,,,,,,,,,,,,,,,,,,,,,,,,,,,,,,,,,,,,,,,,,,,,,,,,,,,,,,,,,,,,,,,,,
,,,,,,,,,,,,,,,,,,,,,,,,,,,,,,,,,,,,,,,,,,,,,,,,,,,,,,,,,,,,,,,,,,,,,,,,,,,
,,,,,,,,,,,,,,,,,,,,,,,,,,,,,,,,,,,,,,,,,,,,,,,,,,,,,,,,,,,,,,,,,,,,,,,,,,,
,,,,,,,,,,,,,,,,,,,,,,,,,,,,,,,,,,,,,,,,,,,,,,,,,,,,,,,,,,,,,,,,,,,,,,,,,,,
,,,,,,,,,,,,,,,,,,,,,,,,,,,,,,,,,,,,,,,,,,,,,,,,,,,,,,,,,,,,,,,,,,,,,,,,,,,
,,,,,,,,,,,,,,,,,,,,,,,,,,,,,,,,,,,,,,,,,,,,,,,,,,,,,,,,,,,,,,,,,,,,,,,,,,,
,,,,,,,,,,,,,,,,,,,,,,,,,,,,,,,,,,,,,,,,,,,,,,,,,,,,,,,,,,,,,,,,,,,,,,,,,,,
,,,,,,,,,,,,,,,,,,,,,,,,,,,,,,,,,,,,,,,,,,,,,,,,,,,,,,,,,,,,,,,,,,,,,,,,,,,
,,,,,,,,,,,,,,,,,,,,,,,,,,,,,,,,,,,,,,,,,,,,,,,,,,,,,,,,,,,,,,,,,,,,,,,,,,,
,,,,,,,,,,,,,,,,,,,,,,,,,,,,,,,,,,,,,,,,,,,,,,,,,,,,,,,,,,,,,,,,,,,,,,,,,,,
,,,,,,,,,,,,,,,,,,,,,,,,,,,,,,,,,,,,,,,,,,,,,,,,,,,,,,,,,,,,,,,,,,,,,,,,,,,
,,,,,,,,,,,,,,,,,,,,,,,,,,,,,,,,,,,,,,,,,,,,,,,,,,,,,,,,,,,,,,,,,,,,,,,,,,,
,,,,,,,,,,,,,,,,,,,,,,,,,,,,,,,,,,,,,,,,,,,,,,,,,,,,,,,,,,,,,,,,,,,,,,,,,,,
,,,,,,,,,,,,,,,,,,,,,,,,,,,,,,,,,,,,,,,,,,,,,,,,,,,,,,,,,,,,,,,,,,,,,,,,,,,
,,,,,,,,,,,,,,,,,,,,,,,,,,,,,,,,,,,,,,,,,,,,,,,,,,,,,,,,,,,,,,,,,,,,,,,,,,,
,,,,,,,,,,,,,,,,,,,,,,,,,,,,,,,,,,,,,,,,,,,,,,,,,,,,,,,,,,,,,,,,,,,,,,,,,,,
,,,,,,,,,,,,,,,,,,,,,,,,,,,,,,,,,,,,,,,,,,,,,,,,,,,,,,,,,,,,,,,,,,,,,,,,,,,
,,,,,,,,,,,,,,,,,,,,,,,,,,,,,,,,,,,,,,,,,,,,,,,,,,,,,,,,,,,,,,,,,,,,,,,,,,,
,,,,,,,,,,,,,,,,,,,,,,,,,,,,,,,,,,,,,,,,,,,,,,,,,,,,,,,,,,,,,,,,,,,,,,,,,,,
,,,,,,,,,,,,,,,,,,,,,,,,,,,,,,,,,,,,,,,,,,,,,,,,,,,,,,,,,,,,,,,,,,,,,,,,,,,
,,,,,,,,,,,,,,,,,,,,,,,,,,,,,,,,,,,,,,,,,,,,,,,,,,,,,,,,,,,,,,,,,,,,,,,,,,,
,,,,,,,,,,,,,,,,,,,,,,,,,,,,,,,,,,,,,,,,,,,,,,,,,,,,,,,,,,,,,,,,,,,,,,,,,,,
,,,,,,,,,,,,,,,,,,,,,,,,,,,,,,,,,,,,,,,,,,,,,,,,,,,,,,,,,,,,,,,,,,,,,,,,,,,
,,,,,,,,,,,,,,,,,,,,,,,,,,,,,,,,,,,,,,,,,,,,,,,,,,,,,,,,,,,,,,,,,,,,,,,,,,,
,,,,,,,,,,,,,,,,,,,,,,,,,,,,,,,,,,,,,,,,,,,,,,,,,,,,,,,,,,,,,,,,,,,,,,,,,,,
,,,,,,,,,,,,,,,,,,,,,,,,,,,,,,,,,,,,,,,,,,,,,,,,,,,,,,,,,,,,,,,,,,,,,,,,,,,
,,,,,,,,,,,,,,,,,,,,,,,,,,,,,,,,,,,,,,,,,,,,,,,,,,,,,,,,,,,,,,,,,,,,,,,,,,,
,,,,,,,,,,,,,,,,,,,,,,,,,,,,,,,,,,,,,,,,,,,,,,,,,,,,,,,,,,,,,,,,,,,,,,,,,,,
,,,,,,,,,,,,,,,,,,,,,,,,,,,,,,,,,,,,,,,,,,,,,,,,,,,,,,,,,,,,,,,,,,,,,,,,,,,
,,,,,,,,,,,,,,,,,,,,,,,,,,,,,,,,,,,,,,,,,,,,,,,,,,,,,,,,,,,,,,,,,,,,,,,,,,,
,,,,,,,,,,,,,,,,,,,,,,,,,,,,,,,,,,,,,,,,,,,,,,,,,,,,,,,,,,,,,,,,,,,,,,,,,,,
,,,,,,,,,,,,,,,,,,,,,,,,,,,,,,,,,,,,,,,,,,,,,,,,,,,,,,,,,,,,,,,,,,,,,,,,,,,
,,,,,,,,,,,,,,,,,,,,,,,,,,,,,,,,,,,,,,,,,,,,,,,,,,,,,,,,,,,,,,,,,,,,,,,,,,,
,,,,,,,,,,,,,,,,,,,,,,,,,,,,,,,,,,,,,,,,,,,,,,,,,,,,,,,,,,,,,,,,,,,,,,,,,,,
,,,,,,,,,,,,,,,,,,,,,,,,,,,,,,,,,,,,,,,,,,,,,,,,,,,,,,,,,,,,,,,,,,,,,,,,,,,
,,,,,,,,,,,,,,,,,,,,,,,,,,,,,,,,,,,,,,,,,,,,,,,,,,,,,,,,,,,,,,,,,,,,,,,,,,,
,,,,,,,,,,,,,,,,,,,,,,,,,,,,,,,,,,,,,,,,,,,,,,,,,,,,,,,,,,,,,,,,,,,,,,,,,,,
,,,,,,,,,,,,,,,,,,,,,,,,,,,,,,,,,,,,,,,,,,,,,,,,,,,,,,,,,,,,,,,,,,,,,,,,,,,
,,,,,,,,,,,,,,,,,,,,,,,,,,,,,,,,,,,,,,,,,,,,,,,,,,,,,,,,,,,,,,,,,,,,,,,,,,,
,,,,,,,,,,,,,,,,,,,,,,,,,,,,,,,,,,,,,,,,,,,,,,,,,,,,,,,,,,,,,,,,,,,,,,,,,,,
,,,,,,,,,,,,,,,,,,,,,,,,,,,,,,,,,,,,,,,,,,,,,,,,,,,,,,,,,,,,,,,,,,,,,,,,,,,
,,,,,,,,,,,,,,,,,,,,,,,,,,,,,,,,,,,,,,,,,,,,,,,,,,,,,,,,,,,,,,,,,,,,,,,,,,,
,,,,,,,,,,,,,,,,,,,,,,,,,,,,,,,,,,,,,,,,,,,,,,,,,,,,,,,,,,,,,,,,,,,,,,,,,,,
,,,,,,,,,,,,,,,,,,,,,,,,,,,,,,,,,,,,,,,,,,,,,,,,,,,,,,,,,,,,,,,,,,,,,,,,,,,
,,,,,,,,,,,,,,,,,,,,,,,,,,,,,,,,,,,,,,,,,,,,,,,,,,,,,,,,,,,,,,,,,,,,,,,,,,,
,,,,,,,,,,,,,,,,,,,,,,,,,,,,,,,,,,,,,,,,,,,,,,,,,,,,,,,,,,,,,,,,,,,,,,,,,,,
,,,,,,,,,,,,,,,,,,,,,,,,,,,,,,,,,,,,,,,,,,,,,,,,,,,,,,,,,,,,,,,,,,,,,,,,,,,
,,,,,,,,,,,,,,,,,,,,,,,,,,,,,,,,,,,,,,,,,,,,,,,,,,,,,,,,,,,,,,,,,,,,,,,,,,,
,,,,,,,,,,,,,,,,,,,,,,,,,,,,,,,,,,,,,,,,,,,,,,,,,,,,,,,,,,,,,,,,,,,,,,,,,,,
,,,,,,,,,,,,,,,,,,,,,,,,,,,,,,,,,,,,,,,,,,,,,,,,,,,,,,,,,,,,,,,,,,,,,,,,,,,
,,,,,,,,,,,,,,,,,,,,,,,,,,,,,,,,,,,,,,,,,,,,,,,,,,,,,,,,,,,,,,,,,,,,,,,,,,,
,,,,,,,,,,,,,,,,,,,,,,,,,,,,,,,,,,,,,,,,,,,,,,,,,,,,,,,,,,,,,,,,,,,,,,,,,,,
,,,,,,,,,,,,,,,,,,,,,,,,,,,,,,,,,,,,,,,,,,,,,,,,,,,,,,,,,,,,,,,,,,,,,,,,,,,
,,,,,,,,,,,,,,,,,,,,,,,,,,,,,,,,,,,,,,,,,,,,,,,,,,,,,,,,,,,,,,,,,,,,,,,,,,,
,,,,,,,,,,,,,,,,,,,,,,,,,,,,,,,,,,,,,,,,,,,,,,,,,,,,,,,,,,,,,,,,,,,,,,,,,,,
,,,,,,,,,,,,,,,,,,,,,,,,,,,,,,,,,,,,,,,,,,,,,,,,,,,,,,,,,,,,,,,,,,,,,,,,,,,
,,,,,,,,,,,,,,,,,,,,,,,,,,,,,,,,,,,,,,,,,,,,,,,,,,,,,,,,,,,,,,,,,,,,,,,,,,,
,,,,,,,,,,,,,,,,,,,,,,,,,,,,,,,,,,,,,,,,,,,,,,,,,,,,,,,,,,,,,,,,,,,,,,,,,,,
,,,,,,,,,,,,,,,,,,,,,,,,,,,,,,,,,,,,,,,,,,,,,,,,,,,,,,,,,,,,,,,,,,,,,,,,,,,
,,,,,,,,,,,,,,,,,,,,,,,,,,,,,,,,,,,,,,,,,,,,,,,,,,,,,,,,,,,,,,,,,,,,,,,,,,,
,,,,,,,,,,,,,,,,,,,,,,,,,,,,,,,,,,,,,,,,,,,,,,,,,,,,,,,,,,,,,,,,,,,,,,,,,,,
,,,,,,,,,,,,,,,,,,,,,,,,,,,,,,,,,,,,,,,,,,,,,,,,,,,,,,,,,,,,,,,,,,,,,,,,,,,
,,,,,,,,,,,,,,,,,,,,,,,,,,,,,,,,,,,,,,,,,,,,,,,,,,,,,,,,,,,,,,,,,,,,,,,,,,,
,,,,,,,,,,,,,,,,,,,,,,,,,,,,,,,,,,,,,,,,,,,,,,,,,,,,,,,,,,,,,,,,,,,,,,,,,,,
,,,,,,,,,,,,,,,,,,,,,,,,,,,,,,,,,,,,,,,,,,,,,,,,,,,,,,,,,,,,,,,,,,,,,,,,,,,
,,,,,,,,,,,,,,,,,,,,,,,,,,,,,,,,,,,,,,,,,,,,,,,,,,,,,,,,,,,,,,,,,,,,,,,,,,,
,,,,,,,,,,,,,,,,,,,,,,,,,,,,,,,,,,,,,,,,,,,,,,,,,,,,,,,,,,,,,,,,,,,,,,,,,,,
,,,,,,,,,,,,,,,,,,,,,,,,,,,,,,,,,,,,,,,,,,,,,,,,,,,,,,,,,,,,,,,,,,,,,,,,,,,
,,,,,,,,,,,,,,,,,,,,,,,,,,,,,,,,,,,,,,,,,,,,,,,,,,,,,,,,,,,,,,,,,,,,,,,,,,,
,,,,,,,,,,,,,,,,,,,,,,,,,,,,,,,,,,,,,,,,,,,,,,,,,,,,,,,,,,,,,,,,,,,,,,,,,,,
,,,,,,,,,,,,,,,,,,,,,,,,,,,,,,,,,,,,,,,,,,,,,,,,,,,,,,,,,,,,,,,,,,,,,,,,,,,
,,,,,,,,,,,,,,,,,,,,,,,,,,,,,,,,,,,,,,,,,,,,,,,,,,,,,,,,,,,,,,,,,,,,,,,,,,,
,,,,,,,,,,,,,,,,,,,,,,,,,,,,,,,,,,,,,,,,,,,,,,,,,,,,,,,,,,,,,,,,,,,,,,,,,,,
,,,,,,,,,,,,,,,,,,,,,,,,,,,,,,,,,,,,,,,,,,,,,,,,,,,,,,,,,,,,,,,,,,,,,,,,,,,
,,,,,,,,,,,,,,,,,,,,,,,,,,,,,,,,,,,,,,,,,,,,,,,,,,,,,,,,,,,,,,,,,,,,,,,,,,,
,,,,,,,,,,,,,,,,,,,,,,,,,,,,,,,,,,,,,,,,,,,,,,,,,,,,,,,,,,,,,,,,,,,,,,,,,,,
,,,,,,,,,,,,,,,,,,,,,,,,,,,,,,,,,,,,,,,,,,,,,,,,,,,,,,,,,,,,,,,,,,,,,,,,,,,
,,,,,,,,,,,,,,,,,,,,,,,,,,,,,,,,,,,,,,,,,,,,,,,,,,,,,,,,,,,,,,,,,,,,,,,,,,,
,,,,,,,,,,,,,,,,,,,,,,,,,,,,,,,,,,,,,,,,,,,,,,,,,,,,,,,,,,,,,,,,,,,,,,,,,,,
,,,,,,,,,,,,,,,,,,,,,,,,,,,,,,,,,,,,,,,,,,,,,,,,,,,,,,,,,,,,,,,,,,,,,,,,,,,
,,,,,,,,,,,,,,,,,,,,,,,,,,,,,,,,,,,,,,,,,,,,,,,,,,,,,,,,,,,,,,,,,,,,,,,,,,,
,,,,,,,,,,,,,,,,,,,,,,,,,,,,,,,,,,,,,,,,,,,,,,,,,,,,,,,,,,,,,,,,,,,,,,,,,,,
,,,,,,,,,,,,,,,,,,,,,,,,,,,,,,,,,,,,,,,,,,,,,,,,,,,,,,,,,,,,,,,,,,,,,,,,,,,
,,,,,,,,,,,,,,,,,,,,,,,,,,,,,,,,,,,,,,,,,,,,,,,,,,,,,,,,,,,,,,,,,,,,,,,,,,,
,,,,,,,,,,,,,,,,,,,,,,,,,,,,,,,,,,,,,,,,,,,,,,,,,,,,,,,,,,,,,,,,,,,,,,,,,,,
,,,,,,,,,,,,,,,,,,,,,,,,,,,,,,,,,,,,,,,,,,,,,,,,,,,,,,,,,,,,,,,,,,,,,,,,,,,
,,,,,,,,,,,,,,,,,,,,,,,,,,,,,,,,,,,,,,,,,,,,,,,,,,,,,,,,,,,,,,,,,,,,,,,,,,,
,,,,,,,,,,,,,,,,,,,,,,,,,,,,,,,,,,,,,,,,,,,,,,,,,,,,,,,,,,,,,,,,,,,,,,,,,,,
,,,,,,,,,,,,,,,,,,,,,,,,,,,,,,,,,,,,,,,,,,,,,,,,,,,,,,,,,,,,,,,,,,,,,,,,,,,
,,,,,,,,,,,,,,,,,,,,,,,,,,,,,,,,,,,,,,,,,,,,,,,,,,,,,,,,,,,,,,,,,,,,,,,,,,,
,,,,,,,,,,,,,,,,,,,,,,,,,,,,,,,,,,,,,,,,,,,,,,,,,,,,,,,,,,,,,,,,,,,,,,,,,,,
,,,,,,,,,,,,,,,,,,,,,,,,,,,,,,,,,,,,,,,,,,,,,,,,,,,,,,,,,,,,,,,,,,,,,,,,,,,
,,,,,,,,,,,,,,,,,,,,,,,,,,,,,,,,,,,,,,,,,,,,,,,,,,,,,,,,,,,,,,,,,,,,,,,,,,,
,,,,,,,,,,,,,,,,,,,,,,,,,,,,,,,,,,,,,,,,,,,,,,,,,,,,,,,,,,,,,,,,,,,,,,,,,,,
,,,,,,,,,,,,,,,,,,,,,,,,,,,,,,,,,,,,,,,,,,,,,,,,,,,,,,,,,,,,,,,,,,,,,,,,,,,
,,,,,,,,,,,,,,,,,,,,,,,,,,,,,,,,,,,,,,,,,,,,,,,,,,,,,,,,,,,,,,,,,,,,,,,,,,,
,,,,,,,,,,,,,,,,,,,,,,,,,,,,,,,,,,,,,,,,,,,,,,,,,,,,,,,,,,,,,,,,,,,,,,,,,,,
,,,,,,,,,,,,,,,,,,,,,,,,,,,,,,,,,,,,,,,,,,,,,,,,,,,,,,,,,,,,,,,,,,,,,,,,,,,
,,,,,,,,,,,,,,,,,,,,,,,,,,,,,,,,,,,,,,,,,,,,,,,,,,,,,,,,,,,,,,,,,,,,,,,,,,,
,,,,,,,,,,,,,,,,,,,,,,,,,,,,,,,,,,,,,,,,,,,,,,,,,,,,,,,,,,,,,,,,,,,,,,,,,,,
,,,,,,,,,,,,,,,,,,,,,,,,,,,,,,,,,,,,,,,,,,,,,,,,,,,,,,,,,,,,,,,,,,,,,,,,,,,
,,,,,,,,,,,,,,,,,,,,,,,,,,,,,,,,,,,,,,,,,,,,,,,,,,,,,,,,,,,,,,,,,,,,,,,,,,,
,,,,,,,,,,,,,,,,,,,,,,,,,,,,,,,,,,,,,,,,,,,,,,,,,,,,,,,,,,,,,,,,,,,,,,,,,,,
,,,,,,,,,,,,,,,,,,,,,,,,,,,,,,,,,,,,,,,,,,,,,,,,,,,,,,,,,,,,,,,,,,,,,,,,,,,
,,,,,,,,,,,,,,,,,,,,,,,,,,,,,,,,,,,,,,,,,,,,,,,,,,,,,,,,,,,,,,,,,,,,,,,,,,,
,,,,,,,,,,,,,,,,,,,,,,,,,,,,,,,,,,,,,,,,,,,,,,,,,,,,,,,,,,,,,,,,,,,,,,,,,,,
,,,,,,,,,,,,,,,,,,,,,,,,,,,,,,,,,,,,,,,,,,,,,,,,,,,,,,,,,,,,,,,,,,,,,,,,,,,
,,,,,,,,,,,,,,,,,,,,,,,,,,,,,,,,,,,,,,,,,,,,,,,,,,,,,,,,,,,,,,,,,,,,,,,,,,,
,,,,,,,,,,,,,,,,,,,,,,,,,,,,,,,,,,,,,,,,,,,,,,,,,,,,,,,,,,,,,,,,,,,,,,,,,,,
,,,,,,,,,,,,,,,,,,,,,,,,,,,,,,,,,,,,,,,,,,,,,,,,,,,,,,,,,,,,,,,,,,,,,,,,,,,
,,,,,,,,,,,,,,,,,,,,,,,,,,,,,,,,,,,,,,,,,,,,,,,,,,,,,,,,,,,,,,,,,,,,,,,,,,,
,,,,,,,,,,,,,,,,,,,,,,,,,,,,,,,,,,,,,,,,,,,,,,,,,,,,,,,,,,,,,,,,,,,,,,,,,,,
,,,,,,,,,,,,,,,,,,,,,,,,,,,,,,,,,,,,,,,,,,,,,,,,,,,,,,,,,,,,,,,,,,,,,,,,,,,
,,,,,,,,,,,,,,,,,,,,,,,,,,,,,,,,,,,,,,,,,,,,,,,,,,,,,,,,,,,,,,,,,,,,,,,,,,,
,,,,,,,,,,,,,,,,,,,,,,,,,,,,,,,,,,,,,,,,,,,,,,,,,,,,,,,,,,,,,,,,,,,,,,,,,,,
,,,,,,,,,,,,,,,,,,,,,,,,,,,,,,,,,,,,,,,,,,,,,,,,,,,,,,,,,,,,,,,,,,,,,,,,,,,
,,,,,,,,,,,,,,,,,,,,,,,,,,,,,,,,,,,,,,,,,,,,,,,,,,,,,,,,,,,,,,,,,,,,,,,,,,,
,,,,,,,,,,,,,,,,,,,,,,,,,,,,,,,,,,,,,,,,,,,,,,,,,,,,,,,,,,,,,,,,,,,,,,,,,,,
,,,,,,,,,,,,,,,,,,,,,,,,,,,,,,,,,,,,,,,,,,,,,,,,,,,,,,,,,,,,,,,,,,,,,,,,,,,
,,,,,,,,,,,,,,,,,,,,,,,,,,,,,,,,,,,,,,,,,,,,,,,,,,,,,,,,,,,,,,,,,,,,,,,,,,,
,,,,,,,,,,,,,,,,,,,,,,,,,,,,,,,,,,,,,,,,,,,,,,,,,,,,,,,,,,,,,,,,,,,,,,,,,,,
,,,,,,,,,,,,,,,,,,,,,,,,,,,,,,,,,,,,,,,,,,,,,,,,,,,,,,,,,,,,,,,,,,,,,,,,,,,
,,,,,,,,,,,,,,,,,,,,,,,,,,,,,,,,,,,,,,,,,,,,,,,,,,,,,,,,,,,,,,,,,,,,,,,,,,,
,,,,,,,,,,,,,,,,,,,,,,,,,,,,,,,,,,,,,,,,,,,,,,,,,,,,,,,,,,,,,,,,,,,,,,,,,,,
,,,,,,,,,,,,,,,,,,,,,,,,,,,,,,,,,,,,,,,,,,,,,,,,,,,,,,,,,,,,,,,,,,,,,,,,,,,
,,,,,,,,,,,,,,,,,,,,,,,,,,,,,,,,,,,,,,,,,,,,,,,,,,,,,,,,,,,,,,,,,,,,,,,,,,,
,,,,,,,,,,,,,,,,,,,,,,,,,,,,,,,,,,,,,,,,,,,,,,,,,,,,,,,,,,,,,,,,,,,,,,,,,,,
,,,,,,,,,,,,,,,,,,,,,,,,,,,,,,,,,,,,,,,,,,,,,,,,,,,,,,,,,,,,,,,,,,,,,,,,,,,
,,,,,,,,,,,,,,,,,,,,,,,,,,,,,,,,,,,,,,,,,,,,,,,,,,,,,,,,,,,,,,,,,,,,,,,,,,,
,,,,,,,,,,,,,,,,,,,,,,,,,,,,,,,,,,,,,,,,,,,,,,,,,,,,,,,,,,,,,,,,,,,,,,,,,,,
,,,,,,,,,,,,,,,,,,,,,,,,,,,,,,,,,,,,,,,,,,,,,,,,,,,,,,,,,,,,,,,,,,,,,,,,,,,
,,,,,,,,,,,,,,,,,,,,,,,,,,,,,,,,,,,,,,,,,,,,,,,,,,,,,,,,,,,,,,,,,,,,,,,,,,,
,,,,,,,,,,,,,,,,,,,,,,,,,,,,,,,,,,,,,,,,,,,,,,,,,,,,,,,,,,,,,,,,,,,,,,,,,,,
,,,,,,,,,,,,,,,,,,,,,,,,,,,,,,,,,,,,,,,,,,,,,,,,,,,,,,,,,,,,,,,,,,,,,,,,,,,
,,,,,,,,,,,,,,,,,,,,,,,,,,,,,,,,,,,,,,,,,,,,,,,,,,,,,,,,,,,,,,,,,,,,,,,,,,,
,,,,,,,,,,,,,,,,,,,,,,,,,,,,,,,,,,,,,,,,,,,,,,,,,,,,,,,,,,,,,,,,,,,,,,,,,,,
,,,,,,,,,,,,,,,,,,,,,,,,,,,,,,,,,,,,,,,,,,,,,,,,,,,,,,,,,,,,,,,,,,,,,,,,,,,
,,,,,,,,,,,,,,,,,,,,,,,,,,,,,,,,,,,,,,,,,,,,,,,,,,,,,,,,,,,,,,,,,,,,,,,,,,,
,,,,,,,,,,,,,,,,,,,,,,,,,,,,,,,,,,,,,,,,,,,,,,,,,,,,,,,,,,,,,,,,,,,,,,,,,,,
,,,,,,,,,,,,,,,,,,,,,,,,,,,,,,,,,,,,,,,,,,,,,,,,,,,,,,,,,,,,,,,,,,,,,,,,,,,
,,,,,,,,,,,,,,,,,,,,,,,,,,,,,,,,,,,,,,,,,,,,,,,,,,,,,,,,,,,,,,,,,,,,,,,,,,,
,,,,,,,,,,,,,,,,,,,,,,,,,,,,,,,,,,,,,,,,,,,,,,,,,,,,,,,,,,,,,,,,,,,,,,,,,,,
,,,,,,,,,,,,,,,,,,,,,,,,,,,,,,,,,,,,,,,,,,,,,,,,,,,,,,,,,,,,,,,,,,,,,,,,,,,
,,,,,,,,,,,,,,,,,,,,,,,,,,,,,,,,,,,,,,,,,,,,,,,,,,,,,,,,,,,,,,,,,,,,,,,,,,,
,,,,,,,,,,,,,,,,,,,,,,,,,,,,,,,,,,,,,,,,,,,,,,,,,,,,,,,,,,,,,,,,,,,,,,,,,,,
,,,,,,,,,,,,,,,,,,,,,,,,,,,,,,,,,,,,,,,,,,,,,,,,,,,,,,,,,,,,,,,,,,,,,,,,,,,
,,,,,,,,,,,,,,,,,,,,,,,,,,,,,,,,,,,,,,,,,,,,,,,,,,,,,,,,,,,,,,,,,,,,,,,,,,,
,,,,,,,,,,,,,,,,,,,,,,,,,,,,,,,,,,,,,,,,,,,,,,,,,,,,,,,,,,,,,,,,,,,,,,,,,,,
,,,,,,,,,,,,,,,,,,,,,,,,,,,,,,,,,,,,,,,,,,,,,,,,,,,,,,,,,,,,,,,,,,,,,,,,,,,
,,,,,,,,,,,,,,,,,,,,,,,,,,,,,,,,,,,,,,,,,,,,,,,,,,,,,,,,,,,,,,,,,,,,,,,,,,,
,,,,,,,,,,,,,,,,,,,,,,,,,,,,,,,,,,,,,,,,,,,,,,,,,,,,,,,,,,,,,,,,,,,,,,,,,,,
,,,,,,,,,,,,,,,,,,,,,,,,,,,,,,,,,,,,,,,,,,,,,,,,,,,,,,,,,,,,,,,,,,,,,,,,,,,
,,,,,,,,,,,,,,,,,,,,,,,,,,,,,,,,,,,,,,,,,,,,,,,,,,,,,,,,,,,,,,,,,,,,,,,,,,,
,,,,,,,,,,,,,,,,,,,,,,,,,,,,,,,,,,,,,,,,,,,,,,,,,,,,,,,,,,,,,,,,,,,,,,,,,,,
,,,,,,,,,,,,,,,,,,,,,,,,,,,,,,,,,,,,,,,,,,,,,,,,,,,,,,,,,,,,,,,,,,,,,,,,,,,
,,,,,,,,,,,,,,,,,,,,,,,,,,,,,,,,,,,,,,,,,,,,,,,,,,,,,,,,,,,,,,,,,,,,,,,,,,,
,,,,,,,,,,,,,,,,,,,,,,,,,,,,,,,,,,,,,,,,,,,,,,,,,,,,,,,,,,,,,,,,,,,,,,,,,,,
,,,,,,,,,,,,,,,,,,,,,,,,,,,,,,,,,,,,,,,,,,,,,,,,,,,,,,,,,,,,,,,,,,,,,,,,,,,
,,,,,,,,,,,,,,,,,,,,,,,,,,,,,,,,,,,,,,,,,,,,,,,,,,,,,,,,,,,,,,,,,,,,,,,,,,,
,,,,,,,,,,,,,,,,,,,,,,,,,,,,,,,,,,,,,,,,,,,,,,,,,,,,,,,,,,,,,,,,,,,,,,,,,,,
,,,,,,,,,,,,,,,,,,,,,,,,,,,,,,,,,,,,,,,,,,,,,,,,,,,,,,,,,,,,,,,,,,,,,,,,,,,
,,,,,,,,,,,,,,,,,,,,,,,,,,,,,,,,,,,,,,,,,,,,,,,,,,,,,,,,,,,,,,,,,,,,,,,,,,,
,,,,,,,,,,,,,,,,,,,,,,,,,,,,,,,,,,,,,,,,,,,,,,,,,,,,,,,,,,,,,,,,,,,,,,,,,,,
,,,,,,,,,,,,,,,,,,,,,,,,,,,,,,,,,,,,,,,,,,,,,,,,,,,,,,,,,,,,,,,,,,,,,,,,,,,
,,,,,,,,,,,,,,,,,,,,,,,,,,,,,,,,,,,,,,,,,,,,,,,,,,,,,,,,,,,,,,,,,,,,,,,,,,,
,,,,,,,,,,,,,,,,,,,,,,,,,,,,,,,,,,,,,,,,,,,,,,,,,,,,,,,,,,,,,,,,,,,,,,,,,,,
,,,,,,,,,,,,,,,,,,,,,,,,,,,,,,,,,,,,,,,,,,,,,,,,,,,,,,,,,,,,,,,,,,,,,,,,,,,
,,,,,,,,,,,,,,,,,,,,,,,,,,,,,,,,,,,,,,,,,,,,,,,,,,,,,,,,,,,,,,,,,,,,,,,,,,,
,,,,,,,,,,,,,,,,,,,,,,,,,,,,,,,,,,,,,,,,,,,,,,,,,,,,,,,,,,,,,,,,,,,,,,,,,,,
,,,,,,,,,,,,,,,,,,,,,,,,,,,,,,,,,,,,,,,,,,,,,,,,,,,,,,,,,,,,,,,,,,,,,,,,,,,
,,,,,,,,,,,,,,,,,,,,,,,,,,,,,,,,,,,,,,,,,,,,,,,,,,,,,,,,,,,,,,,,,,,,,,,,,,,
,,,,,,,,,,,,,,,,,,,,,,,,,,,,,,,,,,,,,,,,,,,,,,,,,,,,,,,,,,,,,,,,,,,,,,,,,,,
,,,,,,,,,,,,,,,,,,,,,,,,,,,,,,,,,,,,,,,,,,,,,,,,,,,,,,,,,,,,,,,,,,,,,,,,,,,
,,,,,,,,,,,,,,,,,,,,,,,,,,,,,,,,,,,,,,,,,,,,,,,,,,,,,,,,,,,,,,,,,,,,,,,,,,,
,,,,,,,,,,,,,,,,,,,,,,,,,,,,,,,,,,,,,,,,,,,,,,,,,,,,,,,,,,,,,,,,,,,,,,,,,,,
,,,,,,,,,,,,,,,,,,,,,,,,,,,,,,,,,,,,,,,,,,,,,,,,,,,,,,,,,,,,,,,,,,,,,,,,,,,
,,,,,,,,,,,,,,,,,,,,,,,,,,,,,,,,,,,,,,,,,,,,,,,,,,,,,,,,,,,,,,,,,,,,,,,,,,,
,,,,,,,,,,,,,,,,,,,,,,,,,,,,,,,,,,,,,,,,,,,,,,,,,,,,,,,,,,,,,,,,,,,,,,,,,,,
,,,,,,,,,,,,,,,,,,,,,,,,,,,,,,,,,,,,,,,,,,,,,,,,,,,,,,,,,,,,,,,,,,,,,,,,,,,
,,,,,,,,,,,,,,,,,,,,,,,,,,,,,,,,,,,,,,,,,,,,,,,,,,,,,,,,,,,,,,,,,,,,,,,,,,,
,,,,,,,,,,,,,,,,,,,,,,,,,,,,,,,,,,,,,,,,,,,,,,,,,,,,,,,,,,,,,,,,,,,,,,,,,,,
,,,,,,,,,,,,,,,,,,,,,,,,,,,,,,,,,,,,,,,,,,,,,,,,,,,,,,,,,,,,,,,,,,,,,,,,,,,
,,,,,,,,,,,,,,,,,,,,,,,,,,,,,,,,,,,,,,,,,,,,,,,,,,,,,,,,,,,,,,,,,,,,,,,,,,,
,,,,,,,,,,,,,,,,,,,,,,,,,,,,,,,,,,,,,,,,,,,,,,,,,,,,,,,,,,,,,,,,,,,,,,,,,,,
,,,,,,,,,,,,,,,,,,,,,,,,,,,,,,,,,,,,,,,,,,,,,,,,,,,,,,,,,,,,,,,,,,,,,,,,,,,
,,,,,,,,,,,,,,,,,,,,,,,,,,,,,,,,,,,,,,,,,,,,,,,,,,,,,,,,,,,,,,,,,,,,,,,,,,,
,,,,,,,,,,,,,,,,,,,,,,,,,,,,,,,,,,,,,,,,,,,,,,,,,,,,,,,,,,,,,,,,,,,,,,,,,,,
,,,,,,,,,,,,,,,,,,,,,,,,,,,,,,,,,,,,,,,,,,,,,,,,,,,,,,,,,,,,,,,,,,,,,,,,,,,
,,,,,,,,,,,,,,,,,,,,,,,,,,,,,,,,,,,,,,,,,,,,,,,,,,,,,,,,,,,,,,,,,,,,,,,,,,,
,,,,,,,,,,,,,,,,,,,,,,,,,,,,,,,,,,,,,,,,,,,,,,,,,,,,,,,,,,,,,,,,,,,,,,,,,,,
,,,,,,,,,,,,,,,,,,,,,,,,,,,,,,,,,,,,,,,,,,,,,,,,,,,,,,,,,,,,,,,,,,,,,,,,,,,
,,,,,,,,,,,,,,,,,,,,,,,,,,,,,,,,,,,,,,,,,,,,,,,,,,,,,,,,,,,,,,,,,,,,,,,,,,,
,,,,,,,,,,,,,,,,,,,,,,,,,,,,,,,,,,,,,,,,,,,,,,,,,,,,,,,,,,,,,,,,,,,,,,,,,,,
,,,,,,,,,,,,,,,,,,,,,,,,,,,,,,,,,,,,,,,,,,,,,,,,,,,,,,,,,,,,,,,,,,,,,,,,,,,
,,,,,,,,,,,,,,,,,,,,,,,,,,,,,,,,,,,,,,,,,,,,,,,,,,,,,,,,,,,,,,,,,,,,,,,,,,,
,,,,,,,,,,,,,,,,,,,,,,,,,,,,,,,,,,,,,,,,,,,,,,,,,,,,,,,,,,,,,,,,,,,,,,,,,,,
,,,,,,,,,,,,,,,,,,,,,,,,,,,,,,,,,,,,,,,,,,,,,,,,,,,,,,,,,,,,,,,,,,,,,,,,,,,
,,,,,,,,,,,,,,,,,,,,,,,,,,,,,,,,,,,,,,,,,,,,,,,,,,,,,,,,,,,,,,,,,,,,,,,,,,,
,,,,,,,,,,,,,,,,,,,,,,,,,,,,,,,,,,,,,,,,,,,,,,,,,,,,,,,,,,,,,,,,,,,,,,,,,,,
,,,,,,,,,,,,,,,,,,,,,,,,,,,,,,,,,,,,,,,,,,,,,,,,,,,,,,,,,,,,,,,,,,,,,,,,,,,
,,,,,,,,,,,,,,,,,,,,,,,,,,,,,,,,,,,,,,,,,,,,,,,,,,,,,,,,,,,,,,,,,,,,,,,,,,,
,,,,,,,,,,,,,,,,,,,,,,,,,,,,,,,,,,,,,,,,,,,,,,,,,,,,,,,,,,,,,,,,,,,,,,,,,,,
,,,,,,,,,,,,,,,,,,,,,,,,,,,,,,,,,,,,,,,,,,,,,,,,,,,,,,,,,,,,,,,,,,,,,,,,,,,
,,,,,,,,,,,,,,,,,,,,,,,,,,,,,,,,,,,,,,,,,,,,,,,,,,,,,,,,,,,,,,,,,,,,,,,,,,,
,,,,,,,,,,,,,,,,,,,,,,,,,,,,,,,,,,,,,,,,,,,,,,,,,,,,,,,,,,,,,,,,,,,,,,,,,,,
,,,,,,,,,,,,,,,,,,,,,,,,,,,,,,,,,,,,,,,,,,,,,,,,,,,,,,,,,,,,,,,,,,,,,,,,,,,
,,,,,,,,,,,,,,,,,,,,,,,,,,,,,,,,,,,,,,,,,,,,,,,,,,,,,,,,,,,,,,,,,,,,,,,,,,,
,,,,,,,,,,,,,,,,,,,,,,,,,,,,,,,,,,,,,,,,,,,,,,,,,,,,,,,,,,,,,,,,,,,,,,,,,,,
,,,,,,,,,,,,,,,,,,,,,,,,,,,,,,,,,,,,,,,,,,,,,,,,,,,,,,,,,,,,,,,,,,,,,,,,,,,
,,,,,,,,,,,,,,,,,,,,,,,,,,,,,,,,,,,,,,,,,,,,,,,,,,,,,,,,,,,,,,,,,,,,,,,,,,,
,,,,,,,,,,,,,,,,,,,,,,,,,,,,,,,,,,,,,,,,,,,,,,,,,,,,,,,,,,,,,,,,,,,,,,,,,,,
,,,,,,,,,,,,,,,,,,,,,,,,,,,,,,,,,,,,,,,,,,,,,,,,,,,,,,,,,,,,,,,,,,,,,,,,,,,
,,,,,,,,,,,,,,,,,,,,,,,,,,,,,,,,,,,,,,,,,,,,,,,,,,,,,,,,,,,,,,,,,,,,,,,,,,,
,,,,,,,,,,,,,,,,,,,,,,,,,,,,,,,,,,,,,,,,,,,,,,,,,,,,,,,,,,,,,,,,,,,,,,,,,,,
,,,,,,,,,,,,,,,,,,,,,,,,,,,,,,,,,,,,,,,,,,,,,,,,,,,,,,,,,,,,,,,,,,,,,,,,,,,
,,,,,,,,,,,,,,,,,,,,,,,,,,,,,,,,,,,,,,,,,,,,,,,,,,,,,,,,,,,,,,,,,,,,,,,,,,,
,,,,,,,,,,,,,,,,,,,,,,,,,,,,,,,,,,,,,,,,,,,,,,,,,,,,,,,,,,,,,,,,,,,,,,,,,,,
,,,,,,,,,,,,,,,,,,,,,,,,,,,,,,,,,,,,,,,,,,,,,,,,,,,,,,,,,,,,,,,,,,,,,,,,,,,
,,,,,,,,,,,,,,,,,,,,,,,,,,,,,,,,,,,,,,,,,,,,,,,,,,,,,,,,,,,,,,,,,,,,,,,,,,,
,,,,,,,,,,,,,,,,,,,,,,,,,,,,,,,,,,,,,,,,,,,,,,,,,,,,,,,,,,,,,,,,,,,,,,,,,,,
,,,,,,,,,,,,,,,,,,,,,,,,,,,,,,,,,,,,,,,,,,,,,,,,,,,,,,,,,,,,,,,,,,,,,,,,,,,
,,,,,,,,,,,,,,,,,,,,,,,,,,,,,,,,,,,,,,,,,,,,,,,,,,,,,,,,,,,,,,,,,,,,,,,,,,,
,,,,,,,,,,,,,,,,,,,,,,,,,,,,,,,,,,,,,,,,,,,,,,,,,,,,,,,,,,,,,,,,,,,,,,,,,,,
,,,,,,,,,,,,,,,,,,,,,,,,,,,,,,,,,,,,,,,,,,,,,,,,,,,,,,,,,,,,,,,,,,,,,,,,,,,
,,,,,,,,,,,,,,,,,,,,,,,,,,,,,,,,,,,,,,,,,,,,,,,,,,,,,,,,,,,,,,,,,,,,,,,,,,,
,,,,,,,,,,,,,,,,,,,,,,,,,,,,,,,,,,,,,,,,,,,,,,,,,,,,,,,,,,,,,,,,,,,,,,,,,,,
,,,,,,,,,,,,,,,,,,,,,,,,,,,,,,,,,,,,,,,,,,,,,,,,,,,,,,,,,,,,,,,,,,,,,,,,,,,
,,,,,,,,,,,,,,,,,,,,,,,,,,,,,,,,,,,,,,,,,,,,,,,,,,,,,,,,,,,,,,,,,,,,,,,,,,,
,,,,,,,,,,,,,,,,,,,,,,,,,,,,,,,,,,,,,,,,,,,,,,,,,,,,,,,,,,,,,,,,,,,,,,,,,,,
,,,,,,,,,,,,,,,,,,,,,,,,,,,,,,,,,,,,,,,,,,,,,,,,,,,,,,,,,,,,,,,,,,,,,,,,,,,
,,,,,,,,,,,,,,,,,,,,,,,,,,,,,,,,,,,,,,,,,,,,,,,,,,,,,,,,,,,,,,,,,,,,,,,,,,,
,,,,,,,,,,,,,,,,,,,,,,,,,,,,,,,,,,,,,,,,,,,,,,,,,,,,,,,,,,,,,,,,,,,,,,,,,,,
,,,,,,,,,,,,,,,,,,,,,,,,,,,,,,,,,,,,,,,,,,,,,,,,,,,,,,,,,,,,,,,,,,,,,,,,,,,
,,,,,,,,,,,,,,,,,,,,,,,,,,,,,,,,,,,,,,,,,,,,,,,,,,,,,,,,,,,,,,,,,,,,,,,,,,,
,,,,,,,,,,,,,,,,,,,,,,,,,,,,,,,,,,,,,,,,,,,,,,,,,,,,,,,,,,,,,,,,,,,,,,,,,,,
,,,,,,,,,,,,,,,,,,,,,,,,,,,,,,,,,,,,,,,,,,,,,,,,,,,,,,,,,,,,,,,,,,,,,,,,,,,
,,,,,,,,,,,,,,,,,,,,,,,,,,,,,,,,,,,,,,,,,,,,,,,,,,,,,,,,,,,,,,,,,,,,,,,,,,,
,,,,,,,,,,,,,,,,,,,,,,,,,,,,,,,,,,,,,,,,,,,,,,,,,,,,,,,,,,,,,,,,,,,,,,,,,,,
,,,,,,,,,,,,,,,,,,,,,,,,,,,,,,,,,,,,,,,,,,,,,,,,,,,,,,,,,,,,,,,,,,,,,,,,,,,
,,,,,,,,,,,,,,,,,,,,,,,,,,,,,,,,,,,,,,,,,,,,,,,,,,,,,,,,,,,,,,,,,,,,,,,,,,,
,,,,,,,,,,,,,,,,,,,,,,,,,,,,,,,,,,,,,,,,,,,,,,,,,,,,,,,,,,,,,,,,,,,,,,,,,,,
,,,,,,,,,,,,,,,,,,,,,,,,,,,,,,,,,,,,,,,,,,,,,,,,,,,,,,,,,,,,,,,,,,,,,,,,,,,
,,,,,,,,,,,,,,,,,,,,,,,,,,,,,,,,,,,,,,,,,,,,,,,,,,,,,,,,,,,,,,,,,,,,,,,,,,,
,,,,,,,,,,,,,,,,,,,,,,,,,,,,,,,,,,,,,,,,,,,,,,,,,,,,,,,,,,,,,,,,,,,,,,,,,,,
,,,,,,,,,,,,,,,,,,,,,,,,,,,,,,,,,,,,,,,,,,,,,,,,,,,,,,,,,,,,,,,,,,,,,,,,,,,
,,,,,,,,,,,,,,,,,,,,,,,,,,,,,,,,,,,,,,,,,,,,,,,,,,,,,,,,,,,,,,,,,,,,,,,,,,,
,,,,,,,,,,,,,,,,,,,,,,,,,,,,,,,,,,,,,,,,,,,,,,,,,,,,,,,,,,,,,,,,,,,,,,,,,,,
,,,,,,,,,,,,,,,,,,,,,,,,,,,,,,,,,,,,,,,,,,,,,,,,,,,,,,,,,,,,,,,,,,,,,,,,,,,
,,,,,,,,,,,,,,,,,,,,,,,,,,,,,,,,,,,,,,,,,,,,,,,,,,,,,,,,,,,,,,,,,,,,,,,,,,,
,,,,,,,,,,,,,,,,,,,,,,,,,,,,,,,,,,,,,,,,,,,,,,,,,,,,,,,,,,,,,,,,,,,,,,,,,,,
,,,,,,,,,,,,,,,,,,,,,,,,,,,,,,,,,,,,,,,,,,,,,,,,,,,,,,,,,,,,,,,,,,,,,,,,,,,
,,,,,,,,,,,,,,,,,,,,,,,,,,,,,,,,,,,,,,,,,,,,,,,,,,,,,,,,,,,,,,,,,,,,,,,,,,,
,,,,,,,,,,,,,,,,,,,,,,,,,,,,,,,,,,,,,,,,,,,,,,,,,,,,,,,,,,,,,,,,,,,,,,,,,,,
,,,,,,,,,,,,,,,,,,,,,,,,,,,,,,,,,,,,,,,,,,,,,,,,,,,,,,,,,,,,,,,,,,,,,,,,,,,
,,,,,,,,,,,,,,,,,,,,,,,,,,,,,,,,,,,,,,,,,,,,,,,,,,,,,,,,,,,,,,,,,,,,,,,,,,,
,,,,,,,,,,,,,,,,,,,,,,,,,,,,,,,,,,,,,,,,,,,,,,,,,,,,,,,,,,,,,,,,,,,,,,,,,,,
,,,,,,,,,,,,,,,,,,,,,,,,,,,,,,,,,,,,,,,,,,,,,,,,,,,,,,,,,,,,,,,,,,,,,,,,,,,
,,,,,,,,,,,,,,,,,,,,,,,,,,,,,,,,,,,,,,,,,,,,,,,,,,,,,,,,,,,,,,,,,,,,,,,,,,,
,,,,,,,,,,,,,,,,,,,,,,,,,,,,,,,,,,,,,,,,,,,,,,,,,,,,,,,,,,,,,,,,,,,,,,,,,,,
,,,,,,,,,,,,,,,,,,,,,,,,,,,,,,,,,,,,,,,,,,,,,,,,,,,,,,,,,,,,,,,,,,,,,,,,,,,
,,,,,,,,,,,,,,,,,,,,,,,,,,,,,,,,,,,,,,,,,,,,,,,,,,,,,,,,,,,,,,,,,,,,,,,,,,,
,,,,,,,,,,,,,,,,,,,,,,,,,,,,,,,,,,,,,,,,,,,,,,,,,,,,,,,,,,,,,,,,,,,,,,,,,,,
,,,,,,,,,,,,,,,,,,,,,,,,,,,,,,,,,,,,,,,,,,,,,,,,,,,,,,,,,,,,,,,,,,,,,,,,,,,
,,,,,,,,,,,,,,,,,,,,,,,,,,,,,,,,,,,,,,,,,,,,,,,,,,,,,,,,,,,,,,,,,,,,,,,,,,,
,,,,,,,,,,,,,,,,,,,,,,,,,,,,,,,,,,,,,,,,,,,,,,,,,,,,,,,,,,,,,,,,,,,,,,,,,,,
,,,,,,,,,,,,,,,,,,,,,,,,,,,,,,,,,,,,,,,,,,,,,,,,,,,,,,,,,,,,,,,,,,,,,,,,,,,
,,,,,,,,,,,,,,,,,,,,,,,,,,,,,,,,,,,,,,,,,,,,,,,,,,,,,,,,,,,,,,,,,,,,,,,,,,,
,,,,,,,,,,,,,,,,,,,,,,,,,,,,,,,,,,,,,,,,,,,,,,,,,,,,,,,,,,,,,,,,,,,,,,,,,,,
,,,,,,,,,,,,,,,,,,,,,,,,,,,,,,,,,,,,,,,,,,,,,,,,,,,,,,,,,,,,,,,,,,,,,,,,,,,
,,,,,,,,,,,,,,,,,,,,,,,,,,,,,,,,,,,,,,,,,,,,,,,,,,,,,,,,,,,,,,,,,,,,,,,,,,,
,,,,,,,,,,,,,,,,,,,,,,,,,,,,,,,,,,,,,,,,,,,,,,,,,,,,,,,,,,,,,,,,,,,,,,,,,,,
,,,,,,,,,,,,,,,,,,,,,,,,,,,,,,,,,,,,,,,,,,,,,,,,,,,,,,,,,,,,,,,,,,,,,,,,,,,
,,,,,,,,,,,,,,,,,,,,,,,,,,,,,,,,,,,,,,,,,,,,,,,,,,,,,,,,,,,,,,,,,,,,,,,,,,,
,,,,,,,,,,,,,,,,,,,,,,,,,,,,,,,,,,,,,,,,,,,,,,,,,,,,,,,,,,,,,,,,,,,,,,,,,,,
,,,,,,,,,,,,,,,,,,,,,,,,,,,,,,,,,,,,,,,,,,,,,,,,,,,,,,,,,,,,,,,,,,,,,,,,,,,
,,,,,,,,,,,,,,,,,,,,,,,,,,,,,,,,,,,,,,,,,,,,,,,,,,,,,,,,,,,,,,,,,,,,,,,,,,,
,,,,,,,,,,,,,,,,,,,,,,,,,,,,,,,,,,,,,,,,,,,,,,,,,,,,,,,,,,,,,,,,,,,,,,,,,,,
,,,,,,,,,,,,,,,,,,,,,,,,,,,,,,,,,,,,,,,,,,,,,,,,,,,,,,,,,,,,,,,,,,,,,,,,,,,
,,,,,,,,,,,,,,,,,,,,,,,,,,,,,,,,,,,,,,,,,,,,,,,,,,,,,,,,,,,,,,,,,,,,,,,,,,,
,,,,,,,,,,,,,,,,,,,,,,,,,,,,,,,,,,,,,,,,,,,,,,,,,,,,,,,,,,,,,,,,,,,,,,,,,,,
,,,,,,,,,,,,,,,,,,,,,,,,,,,,,,,,,,,,,,,,,,,,,,,,,,,,,,,,,,,,,,,,,,,,,,,,,,,
,,,,,,,,,,,,,,,,,,,,,,,,,,,,,,,,,,,,,,,,,,,,,,,,,,,,,,,,,,,,,,,,,,,,,,,,,,,
,,,,,,,,,,,,,,,,,,,,,,,,,,,,,,,,,,,,,,,,,,,,,,,,,,,,,,,,,,,,,,,,,,,,,,,,,,,
,,,,,,,,,,,,,,,,,,,,,,,,,,,,,,,,,,,,,,,,,,,,,,,,,,,,,,,,,,,,,,,,,,,,,,,,,,,
,,,,,,,,,,,,,,,,,,,,,,,,,,,,,,,,,,,,,,,,,,,,,,,,,,,,,,,,,,,,,,,,,,,,,,,,,,,
,,,,,,,,,,,,,,,,,,,,,,,,,,,,,,,,,,,,,,,,,,,,,,,,,,,,,,,,,,,,,,,,,,,,,,,,,,,
,,,,,,,,,,,,,,,,,,,,,,,,,,,,,,,,,,,,,,,,,,,,,,,,,,,,,,,,,,,,,,,,,,,,,,,,,,,
,,,,,,,,,,,,,,,,,,,,,,,,,,,,,,,,,,,,,,,,,,,,,,,,,,,,,,,,,,,,,,,,,,,,,,,,,,,
,,,,,,,,,,,,,,,,,,,,,,,,,,,,,,,,,,,,,,,,,,,,,,,,,,,,,,,,,,,,,,,,,,,,,,,,,,,
,,,,,,,,,,,,,,,,,,,,,,,,,,,,,,,,,,,,,,,,,,,,,,,,,,,,,,,,,,,,,,,,,,,,,,,,,,,
,,,,,,,,,,,,,,,,,,,,,,,,,,,,,,,,,,,,,,,,,,,,,,,,,,,,,,,,,,,,,,,,,,,,,,,,,,,
,,,,,,,,,,,,,,,,,,,,,,,,,,,,,,,,,,,,,,,,,,,,,,,,,,,,,,,,,,,,,,,,,,,,,,,,,,,
,,,,,,,,,,,,,,,,,,,,,,,,,,,,,,,,,,,,,,,,,,,,,,,,,,,,,,,,,,,,,,,,,,,,,,,,,,,
,,,,,,,,,,,,,,,,,,,,,,,,,,,,,,,,,,,,,,,,,,,,,,,,,,,,,,,,,,,,,,,,,,,,,,,,,,,
,,,,,,,,,,,,,,,,,,,,,,,,,,,,,,,,,,,,,,,,,,,,,,,,,,,,,,,,,,,,,,,,,,,,,,,,,,,
,,,,,,,,,,,,,,,,,,,,,,,,,,,,,,,,,,,,,,,,,,,,,,,,,,,,,,,,,,,,,,,,,,,,,,,,,,,
,,,,,,,,,,,,,,,,,,,,,,,,,,,,,,,,,,,,,,,,,,,,,,,,,,,,,,,,,,,,,,,,,,,,,,,,,,,
,,,,,,,,,,,,,,,,,,,,,,,,,,,,,,,,,,,,,,,,,,,,,,,,,,,,,,,,,,,,,,,,,,,,,,,,,,,
,,,,,,,,,,,,,,,,,,,,,,,,,,,,,,,,,,,,,,,,,,,,,,,,,,,,,,,,,,,,,,,,,,,,,,,,,,,
,,,,,,,,,,,,,,,,,,,,,,,,,,,,,,,,,,,,,,,,,,,,,,,,,,,,,,,,,,,,,,,,,,,,,,,,,,,
,,,,,,,,,,,,,,,,,,,,,,,,,,,,,,,,,,,,,,,,,,,,,,,,,,,,,,,,,,,,,,,,,,,,,,,,,,,
,,,,,,,,,,,,,,,,,,,,,,,,,,,,,,,,,,,,,,,,,,,,,,,,,,,,,,,,,,,,,,,,,,,,,,,,,,,
,,,,,,,,,,,,,,,,,,,,,,,,,,,,,,,,,,,,,,,,,,,,,,,,,,,,,,,,,,,,,,,,,,,,,,,,,,,
,,,,,,,,,,,,,,,,,,,,,,,,,,,,,,,,,,,,,,,,,,,,,,,,,,,,,,,,,,,,,,,,,,,,,,,,,,,
,,,,,,,,,,,,,,,,,,,,,,,,,,,,,,,,,,,,,,,,,,,,,,,,,,,,,,,,,,,,,,,,,,,,,,,,,,,
,,,,,,,,,,,,,,,,,,,,,,,,,,,,,,,,,,,,,,,,,,,,,,,,,,,,,,,,,,,,,,,,,,,,,,,,,,,
,,,,,,,,,,,,,,,,,,,,,,,,,,,,,,,,,,,,,,,,,,,,,,,,,,,,,,,,,,,,,,,,,,,,,,,,,,,
,,,,,,,,,,,,,,,,,,,,,,,,,,,,,,,,,,,,,,,,,,,,,,,,,,,,,,,,,,,,,,,,,,,,,,,,,,,
,,,,,,,,,,,,,,,,,,,,,,,,,,,,,,,,,,,,,,,,,,,,,,,,,,,,,,,,,,,,,,,,,,,,,,,,,,,
,,,,,,,,,,,,,,,,,,,,,,,,,,,,,,,,,,,,,,,,,,,,,,,,,,,,,,,,,,,,,,,,,,,,,,,,,,,
,,,,,,,,,,,,,,,,,,,,,,,,,,,,,,,,,,,,,,,,,,,,,,,,,,,,,,,,,,,,,,,,,,,,,,,,,,,
,,,,,,,,,,,,,,,,,,,,,,,,,,,,,,,,,,,,,,,,,,,,,,,,,,,,,,,,,,,,,,,,,,,,,,,,,,,
,,,,,,,,,,,,,,,,,,,,,,,,,,,,,,,,,,,,,,,,,,,,,,,,,,,,,,,,,,,,,,,,,,,,,,,,,,,
,,,,,,,,,,,,,,,,,,,,,,,,,,,,,,,,,,,,,,,,,,,,,,,,,,,,,,,,,,,,,,,,,,,,,,,,,,,
,,,,,,,,,,,,,,,,,,,,,,,,,,,,,,,,,,,,,,,,,,,,,,,,,,,,,,,,,,,,,,,,,,,,,,,,,,,
,,,,,,,,,,,,,,,,,,,,,,,,,,,,,,,,,,,,,,,,,,,,,,,,,,,,,,,,,,,,,,,,,,,,,,,,,,,
,,,,,,,,,,,,,,,,,,,,,,,,,,,,,,,,,,,,,,,,,,,,,,,,,,,,,,,,,,,,,,,,,,,,,,,,,,,
,,,,,,,,,,,,,,,,,,,,,,,,,,,,,,,,,,,,,,,,,,,,,,,,,,,,,,,,,,,,,,,,,,,,,,,,,,,
,,,,,,,,,,,,,,,,,,,,,,,,,,,,,,,,,,,,,,,,,,,,,,,,,,,,,,,,,,,,,,,,,,,,,,,,,,,
,,,,,,,,,,,,,,,,,,,,,,,,,,,,,,,,,,,,,,,,,,,,,,,,,,,,,,,,,,,,,,,,,,,,,,,,,,,
,,,,,,,,,,,,,,,,,,,,,,,,,,,,,,,,,,,,,,,,,,,,,,,,,,,,,,,,,,,,,,,,,,,,,,,,,,,
,,,,,,,,,,,,,,,,,,,,,,,,,,,,,,,,,,,,,,,,,,,,,,,,,,,,,,,,,,,,,,,,,,,,,,,,,,,
,,,,,,,,,,,,,,,,,,,,,,,,,,,,,,,,,,,,,,,,,,,,,,,,,,,,,,,,,,,,,,,,,,,,,,,,,,,
,,,,,,,,,,,,,,,,,,,,,,,,,,,,,,,,,,,,,,,,,,,,,,,,,,,,,,,,,,,,,,,,,,,,,,,,,,,
,,,,,,,,,,,,,,,,,,,,,,,,,,,,,,,,,,,,,,,,,,,,,,,,,,,,,,,,,,,,,,,,,,,,,,,,,,,
,,,,,,,,,,,,,,,,,,,,,,,,,,,,,,,,,,,,,,,,,,,,,,,,,,,,,,,,,,,,,,,,,,,,,,,,,,,
,,,,,,,,,,,,,,,,,,,,,,,,,,,,,,,,,,,,,,,,,,,,,,,,,,,,,,,,,,,,,,,,,,,,,,,,,,,
,,,,,,,,,,,,,,,,,,,,,,,,,,,,,,,,,,,,,,,,,,,,,,,,,,,,,,,,,,,,,,,,,,,,,,,,,,,
,,,,,,,,,,,,,,,,,,,,,,,,,,,,,,,,,,,,,,,,,,,,,,,,,,,,,,,,,,,,,,,,,,,,,,,,,,,
,,,,,,,,,,,,,,,,,,,,,,,,,,,,,,,,,,,,,,,,,,,,,,,,,,,,,,,,,,,,,,,,,,,,,,,,,,,
,,,,,,,,,,,,,,,,,,,,,,,,,,,,,,,,,,,,,,,,,,,,,,,,,,,,,,,,,,,,,,,,,,,,,,,,,,,
,,,,,,,,,,,,,,,,,,,,,,,,,,,,,,,,,,,,,,,,,,,,,,,,,,,,,,,,,,,,,,,,,,,,,,,,,,,
,,,,,,,,,,,,,,,,,,,,,,,,,,,,,,,,,,,,,,,,,,,,,,,,,,,,,,,,,,,,,,,,,,,,,,,,,,,
,,,,,,,,,,,,,,,,,,,,,,,,,,,,,,,,,,,,,,,,,,,,,,,,,,,,,,,,,,,,,,,,,,,,,,,,,,,
,,,,,,,,,,,,,,,,,,,,,,,,,,,,,,,,,,,,,,,,,,,,,,,,,,,,,,,,,,,,,,,,,,,,,,,,,,,
,,,,,,,,,,,,,,,,,,,,,,,,,,,,,,,,,,,,,,,,,,,,,,,,,,,,,,,,,,,,,,,,,,,,,,,,,,,
,,,,,,,,,,,,,,,,,,,,,,,,,,,,,,,,,,,,,,,,,,,,,,,,,,,,,,,,,,,,,,,,,,,,,,,,,,,
,,,,,,,,,,,,,,,,,,,,,,,,,,,,,,,,,,,,,,,,,,,,,,,,,,,,,,,,,,,,,,,,,,,,,,,,,,,
,,,,,,,,,,,,,,,,,,,,,,,,,,,,,,,,,,,,,,,,,,,,,,,,,,,,,,,,,,,,,,,,,,,,,,,,,,,
,,,,,,,,,,,,,,,,,,,,,,,,,,,,,,,,,,,,,,,,,,,,,,,,,,,,,,,,,,,,,,,,,,,,,,,,,,,
,,,,,,,,,,,,,,,,,,,,,,,,,,,,,,,,,,,,,,,,,,,,,,,,,,,,,,,,,,,,,,,,,,,,,,,,,,,
,,,,,,,,,,,,,,,,,,,,,,,,,,,,,,,,,,,,,,,,,,,,,,,,,,,,,,,,,,,,,,,,,,,,,,,,,,,
,,,,,,,,,,,,,,,,,,,,,,,,,,,,,,,,,,,,,,,,,,,,,,,,,,,,,,,,,,,,,,,,,,,,,,,,,,,
,,,,,,,,,,,,,,,,,,,,,,,,,,,,,,,,,,,,,,,,,,,,,,,,,,,,,,,,,,,,,,,,,,,,,,,,,,,
,,,,,,,,,,,,,,,,,,,,,,,,,,,,,,,,,,,,,,,,,,,,,,,,,,,,,,,,,,,,,,,,,,,,,,,,,,,
,,,,,,,,,,,,,,,,,,,,,,,,,,,,,,,,,,,,,,,,,,,,,,,,,,,,,,,,,,,,,,,,,,,,,,,,,,,
,,,,,,,,,,,,,,,,,,,,,,,,,,,,,,,,,,,,,,,,,,,,,,,,,,,,,,,,,,,,,,,,,,,,,,,,,,,
,,,,,,,,,,,,,,,,,,,,,,,,,,,,,,,,,,,,,,,,,,,,,,,,,,,,,,,,,,,,,,,,,,,,,,,,,,,
,,,,,,,,,,,,,,,,,,,,,,,,,,,,,,,,,,,,,,,,,,,,,,,,,,,,,,,,,,,,,,,,,,,,,,,,,,,
,,,,,,,,,,,,,,,,,,,,,,,,,,,,,,,,,,,,,,,,,,,,,,,,,,,,,,,,,,,,,,,,,,,,,,,,,,,
,,,,,,,,,,,,,,,,,,,,,,,,,,,,,,,,,,,,,,,,,,,,,,,,,,,,,,,,,,,,,,,,,,,,,,,,,,,
,,,,,,,,,,,,,,,,,,,,,,,,,,,,,,,,,,,,,,,,,,,,,,,,,,,,,,,,,,,,,,,,,,,,,,,,,,,
,,,,,,,,,,,,,,,,,,,,,,,,,,,,,,,,,,,,,,,,,,,,,,,,,,,,,,,,,,,,,,,,,,,,,,,,,,,
,,,,,,,,,,,,,,,,,,,,,,,,,,,,,,,,,,,,,,,,,,,,,,,,,,,,,,,,,,,,,,,,,,,,,,,,,,,
,,,,,,,,,,,,,,,,,,,,,,,,,,,,,,,,,,,,,,,,,,,,,,,,,,,,,,,,,,,,,,,,,,,,,,,,,,,
,,,,,,,,,,,,,,,,,,,,,,,,,,,,,,,,,,,,,,,,,,,,,,,,,,,,,,,,,,,,,,,,,,,,,,,,,,,
,,,,,,,,,,,,,,,,,,,,,,,,,,,,,,,,,,,,,,,,,,,,,,,,,,,,,,,,,,,,,,,,,,,,,,,,,,,
,,,,,,,,,,,,,,,,,,,,,,,,,,,,,,,,,,,,,,,,,,,,,,,,,,,,,,,,,,,,,,,,,,,,,,,,,,,
,,,,,,,,,,,,,,,,,,,,,,,,,,,,,,,,,,,,,,,,,,,,,,,,,,,,,,,,,,,,,,,,,,,,,,,,,,,
,,,,,,,,,,,,,,,,,,,,,,,,,,,,,,,,,,,,,,,,,,,,,,,,,,,,,,,,,,,,,,,,,,,,,,,,,,,
,,,,,,,,,,,,,,,,,,,,,,,,,,,,,,,,,,,,,,,,,,,,,,,,,,,,,,,,,,,,,,,,,,,,,,,,,,,
,,,,,,,,,,,,,,,,,,,,,,,,,,,,,,,,,,,,,,,,,,,,,,,,,,,,,,,,,,,,,,,,,,,,,,,,,,,
,,,,,,,,,,,,,,,,,,,,,,,,,,,,,,,,,,,,,,,,,,,,,,,,,,,,,,,,,,,,,,,,,,,,,,,,,,,
,,,,,,,,,,,,,,,,,,,,,,,,,,,,,,,,,,,,,,,,,,,,,,,,,,,,,,,,,,,,,,,,,,,,,,,,,,,
,,,,,,,,,,,,,,,,,,,,,,,,,,,,,,,,,,,,,,,,,,,,,,,,,,,,,,,,,,,,,,,,,,,,,,,,,,,
,,,,,,,,,,,,,,,,,,,,,,,,,,,,,,,,,,,,,,,,,,,,,,,,,,,,,,,,,,,,,,,,,,,,,,,,,,,
,,,,,,,,,,,,,,,,,,,,,,,,,,,,,,,,,,,,,,,,,,,,,,,,,,,,,,,,,,,,,,,,,,,,,,,,,,,
,,,,,,,,,,,,,,,,,,,,,,,,,,,,,,,,,,,,,,,,,,,,,,,,,,,,,,,,,,,,,,,,,,,,,,,,,,,
,,,,,,,,,,,,,,,,,,,,,,,,,,,,,,,,,,,,,,,,,,,,,,,,,,,,,,,,,,,,,,,,,,,,,,,,,,,
,,,,,,,,,,,,,,,,,,,,,,,,,,,,,,,,,,,,,,,,,,,,,,,,,,,,,,,,,,,,,,,,,,,,,,,,,,,
,,,,,,,,,,,,,,,,,,,,,,,,,,,,,,,,,,,,,,,,,,,,,,,,,,,,,,,,,,,,,,,,,,,,,,,,,,,
,,,,,,,,,,,,,,,,,,,,,,,,,,,,,,,,,,,,,,,,,,,,,,,,,,,,,,,,,,,,,,,,,,,,,,,,,,,
,,,,,,,,,,,,,,,,,,,,,,,,,,,,,,,,,,,,,,,,,,,,,,,,,,,,,,,,,,,,,,,,,,,,,,,,,,,
,,,,,,,,,,,,,,,,,,,,,,,,,,,,,,,,,,,,,,,,,,,,,,,,,,,,,,,,,,,,,,,,,,,,,,,,,,,
,,,,,,,,,,,,,,,,,,,,,,,,,,,,,,,,,,,,,,,,,,,,,,,,,,,,,,,,,,,,,,,,,,,,,,,,,,,
,,,,,,,,,,,,,,,,,,,,,,,,,,,,,,,,,,,,,,,,,,,,,,,,,,,,,,,,,,,,,,,,,,,,,,,,,,,
,,,,,,,,,,,,,,,,,,,,,,,,,,,,,,,,,,,,,,,,,,,,,,,,,,,,,,,,,,,,,,,,,,,,,,,,,,,
,,,,,,,,,,,,,,,,,,,,,,,,,,,,,,,,,,,,,,,,,,,,,,,,,,,,,,,,,,,,,,,,,,,,,,,,,,,
,,,,,,,,,,,,,,,,,,,,,,,,,,,,,,,,,,,,,,,,,,,,,,,,,,,,,,,,,,,,,,,,,,,,,,,,,,,
,,,,,,,,,,,,,,,,,,,,,,,,,,,,,,,,,,,,,,,,,,,,,,,,,,,,,,,,,,,,,,,,,,,,,,,,,,,
,,,,,,,,,,,,,,,,,,,,,,,,,,,,,,,,,,,,,,,,,,,,,,,,,,,,,,,,,,,,,,,,,,,,,,,,,,,
,,,,,,,,,,,,,,,,,,,,,,,,,,,,,,,,,,,,,,,,,,,,,,,,,,,,,,,,,,,,,,,,,,,,,,,,,,,
,,,,,,,,,,,,,,,,,,,,,,,,,,,,,,,,,,,,,,,,,,,,,,,,,,,,,,,,,,,,,,,,,,,,,,,,,,,
,,,,,,,,,,,,,,,,,,,,,,,,,,,,,,,,,,,,,,,,,,,,,,,,,,,,,,,,,,,,,,,,,,,,,,,,,,,
,,,,,,,,,,,,,,,,,,,,,,,,,,,,,,,,,,,,,,,,,,,,,,,,,,,,,,,,,,,,,,,,,,,,,,,,,,,
,,,,,,,,,,,,,,,,,,,,,,,,,,,,,,,,,,,,,,,,,,,,,,,,,,,,,,,,,,,,,,,,,,,,,,,,,,,
,,,,,,,,,,,,,,,,,,,,,,,,,,,,,,,,,,,,,,,,,,,,,,,,,,,,,,,,,,,,,,,,,,,,,,,,,,,
,,,,,,,,,,,,,,,,,,,,,,,,,,,,,,,,,,,,,,,,,,,,,,,,,,,,,,,,,,,,,,,,,,,,,,,,,,,
,,,,,,,,,,,,,,,,,,,,,,,,,,,,,,,,,,,,,,,,,,,,,,,,,,,,,,,,,,,,,,,,,,,,,,,,,,,
,,,,,,,,,,,,,,,,,,,,,,,,,,,,,,,,,,,,,,,,,,,,,,,,,,,,,,,,,,,,,,,,,,,,,,,,,,,
,,,,,,,,,,,,,,,,,,,,,,,,,,,,,,,,,,,,,,,,,,,,,,,,,,,,,,,,,,,,,,,,,,,,,,,,,,,
,,,,,,,,,,,,,,,,,,,,,,,,,,,,,,,,,,,,,,,,,,,,,,,,,,,,,,,,,,,,,,,,,,,,,,,,,,,
,,,,,,,,,,,,,,,,,,,,,,,,,,,,,,,,,,,,,,,,,,,,,,,,,,,,,,,,,,,,,,,,,,,,,,,,,,,
,,,,,,,,,,,,,,,,,,,,,,,,,,,,,,,,,,,,,,,,,,,,,,,,,,,,,,,,,,,,,,,,,,,,,,,,,,,
,,,,,,,,,,,,,,,,,,,,,,,,,,,,,,,,,,,,,,,,,,,,,,,,,,,,,,,,,,,,,,,,,,,,,,,,,,,
,,,,,,,,,,,,,,,,,,,,,,,,,,,,,,,,,,,,,,,,,,,,,,,,,,,,,,,,,,,,,,,,,,,,,,,,,,,
,,,,,,,,,,,,,,,,,,,,,,,,,,,,,,,,,,,,,,,,,,,,,,,,,,,,,,,,,,,,,,,,,,,,,,,,,,,
,,,,,,,,,,,,,,,,,,,,,,,,,,,,,,,,,,,,,,,,,,,,,,,,,,,,,,,,,,,,,,,,,,,,,,,,,,,
,,,,,,,,,,,,,,,,,,,,,,,,,,,,,,,,,,,,,,,,,,,,,,,,,,,,,,,,,,,,,,,,,,,,,,,,,,,
,,,,,,,,,,,,,,,,,,,,,,,,,,,,,,,,,,,,,,,,,,,,,,,,,,,,,,,,,,,,,,,,,,,,,,,,,,,
,,,,,,,,,,,,,,,,,,,,,,,,,,,,,,,,,,,,,,,,,,,,,,,,,,,,,,,,,,,,,,,,,,,,,,,,,,,
,,,,,,,,,,,,,,,,,,,,,,,,,,,,,,,,,,,,,,,,,,,,,,,,,,,,,,,,,,,,,,,,,,,,,,,,,,,
,,,,,,,,,,,,,,,,,,,,,,,,,,,,,,,,,,,,,,,,,,,,,,,,,,,,,,,,,,,,,,,,,,,,,,,,,,,
,,,,,,,,,,,,,,,,,,,,,,,,,,,,,,,,,,,,,,,,,,,,,,,,,,,,,,,,,,,,,,,,,,,,,,,,,,,
,,,,,,,,,,,,,,,,,,,,,,,,,,,,,,,,,,,,,,,,,,,,,,,,,,,,,,,,,,,,,,,,,,,,,,,,,,,
,,,,,,,,,,,,,,,,,,,,,,,,,,,,,,,,,,,,,,,,,,,,,,,,,,,,,,,,,,,,,,,,,,,,,,,,,,,
,,,,,,,,,,,,,,,,,,,,,,,,,,,,,,,,,,,,,,,,,,,,,,,,,,,,,,,,,,,,,,,,,,,,,,,,,,,
,,,,,,,,,,,,,,,,,,,,,,,,,,,,,,,,,,,,,,,,,,,,,,,,,,,,,,,,,,,,,,,,,,,,,,,,,,,
,,,,,,,,,,,,,,,,,,,,,,,,,,,,,,,,,,,,,,,,,,,,,,,,,,,,,,,,,,,,,,,,,,,,,,,,,,,
,,,,,,,,,,,,,,,,,,,,,,,,,,,,,,,,,,,,,,,,,,,,,,,,,,,,,,,,,,,,,,,,,,,,,,,,,,,
,,,,,,,,,,,,,,,,,,,,,,,,,,,,,,,,,,,,,,,,,,,,,,,,,,,,,,,,,,,,,,,,,,,,,,,,,,,
,,,,,,,,,,,,,,,,,,,,,,,,,,,,,,,,,,,,,,,,,,,,,,,,,,,,,,,,,,,,,,,,,,,,,,,,,,,
,,,,,,,,,,,,,,,,,,,,,,,,,,,,,,,,,,,,,,,,,,,,,,,,,,,,,,,,,,,,,,,,,,,,,,,,,,,
,,,,,,,,,,,,,,,,,,,,,,,,,,,,,,,,,,,,,,,,,,,,,,,,,,,,,,,,,,,,,,,,,,,,,,,,,,,
,,,,,,,,,,,,,,,,,,,,,,,,,,,,,,,,,,,,,,,,,,,,,,,,,,,,,,,,,,,,,,,,,,,,,,,,,,,
,,,,,,,,,,,,,,,,,,,,,,,,,,,,,,,,,,,,,,,,,,,,,,,,,,,,,,,,,,,,,,,,,,,,,,,,,,,
,,,,,,,,,,,,,,,,,,,,,,,,,,,,,,,,,,,,,,,,,,,,,,,,,,,,,,,,,,,,,,,,,,,,,,,,,,,
,,,,,,,,,,,,,,,,,,,,,,,,,,,,,,,,,,,,,,,,,,,,,,,,,,,,,,,,,,,,,,,,,,,,,,,,,,,
